--------------------------------------------------------
--  파일이 생성됨 - 수요일-10월-23-2019   
-- 관리자 아이디 비밀번호 같습니다. admin
--------------------------------------------------------
 SELECT  'DROP TABLE ' || object_name || ' CASCADE CONSTRAINTS;'
  FROM    user_objects
WHERE   object_type = 'TABLE';

DROP TABLE CART CASCADE CONSTRAINTS;
DROP TABLE CATEGORY CASCADE CONSTRAINTS;
DROP TABLE COMMENTLIST CASCADE CONSTRAINTS;
DROP TABLE DELIVARY CASCADE CONSTRAINTS;
DROP TABLE FREE_BOARD CASCADE CONSTRAINTS;
DROP TABLE GOOD CASCADE CONSTRAINTS;
DROP TABLE INGREDIENTS CASCADE CONSTRAINTS;
DROP TABLE LBOTM CASCADE CONSTRAINTS;
DROP TABLE MBLRECIPE CASCADE CONSTRAINTS;
DROP TABLE MEMBER CASCADE CONSTRAINTS;
DROP TABLE NOTICE CASCADE CONSTRAINTS;
DROP TABLE NOTICECOMMENTS CASCADE CONSTRAINTS;
DROP TABLE PAYMENT CASCADE CONSTRAINTS;
DROP TABLE PAYMENT_PRODUCT CASCADE CONSTRAINTS;
DROP TABLE PICTURELIST CASCADE CONSTRAINTS;
DROP TABLE PRODUCT CASCADE CONSTRAINTS;
DROP TABLE PRODUCTANSWER CASCADE CONSTRAINTS;
DROP TABLE PRODUCTQNA CASCADE CONSTRAINTS;
DROP TABLE PRODUCTREVIEW CASCADE CONSTRAINTS;

--------------------------------------------------------
--  DDL for Sequence ANSWER_ID
--------------------------------------------------------

   CREATE SEQUENCE  "FINALPRO"."ANSWER_ID"  MINVALUE 1 MAXVALUE 9999999999999999999999999999 INCREMENT BY 1 START WITH 41 CACHE 20 NOORDER  NOCYCLE ;
--------------------------------------------------------
--  DDL for Sequence INGREDIENTS_SEQ
--------------------------------------------------------

   CREATE SEQUENCE  "FINALPRO"."INGREDIENTS_SEQ"  MINVALUE 1 MAXVALUE 9999999999999999999999999999 INCREMENT BY 1 START WITH 101 CACHE 20 NOORDER  NOCYCLE ;
--------------------------------------------------------
--  DDL for Sequence PT_ID
--------------------------------------------------------

   CREATE SEQUENCE  "FINALPRO"."PT_ID"  MINVALUE 1 MAXVALUE 9999999999999999999999999999 INCREMENT BY 1 START WITH 1 CACHE 20 NOORDER  NOCYCLE ;
--------------------------------------------------------
--  DDL for Sequence PV_ID
--------------------------------------------------------

   CREATE SEQUENCE  "FINALPRO"."PV_ID"  MINVALUE 1 MAXVALUE 9999999999999999999999999999 INCREMENT BY 1 START WITH 1 CACHE 20 NOORDER  NOCYCLE ;
--------------------------------------------------------
--  DDL for Sequence P_ID
--------------------------------------------------------

   CREATE SEQUENCE  "FINALPRO"."P_ID"  MINVALUE 1 MAXVALUE 9999999999999999999999999999 INCREMENT BY 1 START WITH 1 CACHE 20 NOORDER  NOCYCLE ;
--------------------------------------------------------
--  DDL for Sequence QNA_ID
--------------------------------------------------------

   CREATE SEQUENCE  "FINALPRO"."QNA_ID"  MINVALUE 1 MAXVALUE 9999999999999999999999999999 INCREMENT BY 1 START WITH 1 CACHE 20 NOORDER  NOCYCLE ;
--------------------------------------------------------
--  DDL for Sequence QNA_NO
--------------------------------------------------------

   CREATE SEQUENCE  "FINALPRO"."QNA_NO"  MINVALUE 1 MAXVALUE 9999999999999999999999999999 INCREMENT BY 1 START WITH 41 CACHE 20 NOORDER  NOCYCLE ;
--------------------------------------------------------
--  DDL for Sequence SEQ_BNO
--------------------------------------------------------

   CREATE SEQUENCE  "FINALPRO"."SEQ_BNO"  MINVALUE 1 MAXVALUE 9999999999999999999999999999 INCREMENT BY 1 START WITH 41 CACHE 20 NOORDER  NOCYCLE ;
--------------------------------------------------------
--  DDL for Sequence SEQ_CART
--------------------------------------------------------

   CREATE SEQUENCE  "FINALPRO"."SEQ_CART"  MINVALUE 1 MAXVALUE 9999999999999999999999999999 INCREMENT BY 1 START WITH 100140 CACHE 20 NOORDER  NOCYCLE ;
--------------------------------------------------------
--  DDL for Sequence SEQ_COMMENTS_NO
--------------------------------------------------------

   CREATE SEQUENCE  "FINALPRO"."SEQ_COMMENTS_NO"  MINVALUE 1 MAXVALUE 9999999999999999999999999999 INCREMENT BY 1 START WITH 21 CACHE 20 NOORDER  NOCYCLE ;
--------------------------------------------------------
--  DDL for Sequence SEQ_LBOTM_NO
--------------------------------------------------------

   CREATE SEQUENCE  "FINALPRO"."SEQ_LBOTM_NO"  MINVALUE 1 MAXVALUE 9999999999999999999999999999 INCREMENT BY 1 START WITH 21 CACHE 20 NOORDER  NOCYCLE ;
--------------------------------------------------------
--  DDL for Sequence SEQ_MBLRECIPE
--------------------------------------------------------

   CREATE SEQUENCE  "FINALPRO"."SEQ_MBLRECIPE"  MINVALUE 1 MAXVALUE 9999999999999999999999999999 INCREMENT BY 1 START WITH 81 CACHE 20 NOORDER  NOCYCLE ;
--------------------------------------------------------
--  DDL for Sequence SEQ_MEM
--------------------------------------------------------

   CREATE SEQUENCE  "FINALPRO"."SEQ_MEM"  MINVALUE 1 MAXVALUE 9999999999999999999999999999 INCREMENT BY 1 START WITH 100000 CACHE 20 NOORDER  NOCYCLE ;
--------------------------------------------------------
--  DDL for Sequence SEQ_NNO
--------------------------------------------------------

   CREATE SEQUENCE  "FINALPRO"."SEQ_NNO"  MINVALUE 1 MAXVALUE 9999999999999999999999999999 INCREMENT BY 1 START WITH 21 CACHE 20 NOORDER  NOCYCLE ;
--------------------------------------------------------
--  DDL for Sequence SEQ_PAYMENT
--------------------------------------------------------

   CREATE SEQUENCE  "FINALPRO"."SEQ_PAYMENT"  MINVALUE 1 MAXVALUE 9999999999999999999999999999 INCREMENT BY 1 START WITH 141 CACHE 20 NOORDER  NOCYCLE ;
--------------------------------------------------------
--  DDL for Sequence SEQ_PAYPRODUCT
--------------------------------------------------------

   CREATE SEQUENCE  "FINALPRO"."SEQ_PAYPRODUCT"  MINVALUE 1 MAXVALUE 9999999999999999999999999999 INCREMENT BY 1 START WITH 100100 CACHE 20 NOORDER  NOCYCLE ;
--------------------------------------------------------
--  DDL for Sequence SEQ_PRODUCT
--------------------------------------------------------

   CREATE SEQUENCE  "FINALPRO"."SEQ_PRODUCT"  MINVALUE 1 MAXVALUE 9999999999999999999999999999 INCREMENT BY 1 START WITH 1000140 CACHE 20 NOORDER  NOCYCLE ;
--------------------------------------------------------
--  DDL for Sequence SEQ_PT_ID
--------------------------------------------------------

   CREATE SEQUENCE  "FINALPRO"."SEQ_PT_ID"  MINVALUE 1 MAXVALUE 9999999999999999999999999999 INCREMENT BY 1 START WITH 41 CACHE 20 NOORDER  NOCYCLE ;
--------------------------------------------------------
--  DDL for Sequence SEQ_PV_ID
--------------------------------------------------------

   CREATE SEQUENCE  "FINALPRO"."SEQ_PV_ID"  MINVALUE 1 MAXVALUE 9999999999999999999999999999 INCREMENT BY 1 START WITH 21 CACHE 20 NOORDER  NOCYCLE ;
--------------------------------------------------------
--  DDL for Sequence SEQ_P_ID
--------------------------------------------------------

   CREATE SEQUENCE  "FINALPRO"."SEQ_P_ID"  MINVALUE 1 MAXVALUE 9999999999999999999999999999 INCREMENT BY 1 START WITH 21 CACHE 20 NOORDER  NOCYCLE ;
--------------------------------------------------------
--  DDL for Table CART
--------------------------------------------------------
--------------------------------------------------------
--  DDL for Table CART
--------------------------------------------------------

  CREATE TABLE "FINALPRO"."CART" 
   (	"CNO" NUMBER, 
	"CNAME" VARCHAR2(50 BYTE), 
	"CAMOUNT" NUMBER DEFAULT 0, 
	"CPRICE" NUMBER, 
	"CCREATEDATE" DATE DEFAULT SYSDATE, 
	"P_ID" NUMBER, 
	"ID" VARCHAR2(30 BYTE), 
	"C_IMG" VARCHAR2(150 BYTE)
   ) SEGMENT CREATION IMMEDIATE 
  PCTFREE 10 PCTUSED 40 INITRANS 1 MAXTRANS 255 NOCOMPRESS LOGGING
  STORAGE(INITIAL 65536 NEXT 1048576 MINEXTENTS 1 MAXEXTENTS 2147483645
  PCTINCREASE 0 FREELISTS 1 FREELIST GROUPS 1 BUFFER_POOL DEFAULT FLASH_CACHE DEFAULT CELL_FLASH_CACHE DEFAULT)
  TABLESPACE "SYSTEM" ;
--------------------------------------------------------
--  DDL for Table CATEGORY
--------------------------------------------------------

  CREATE TABLE "FINALPRO"."CATEGORY" 
   (	"CT_ID" NUMBER, 
	"CT_NAME" VARCHAR2(30 BYTE)
   ) SEGMENT CREATION IMMEDIATE 
  PCTFREE 10 PCTUSED 40 INITRANS 1 MAXTRANS 255 NOCOMPRESS LOGGING
  STORAGE(INITIAL 65536 NEXT 1048576 MINEXTENTS 1 MAXEXTENTS 2147483645
  PCTINCREASE 0 FREELISTS 1 FREELIST GROUPS 1 BUFFER_POOL DEFAULT FLASH_CACHE DEFAULT CELL_FLASH_CACHE DEFAULT)
  TABLESPACE "SYSTEM" ;
--------------------------------------------------------
--  DDL for Table COMMENTLIST
--------------------------------------------------------

  CREATE TABLE "FINALPRO"."COMMENTLIST" 
   (	"CM_ID" NUMBER, 
	"NICKNAME" VARCHAR2(30 BYTE), 
	"CM_CONTENT" VARCHAR2(150 BYTE), 
	"CM_CREATEDATE" DATE DEFAULT SYSDATE, 
	"CM_UPDATEDATE" DATE DEFAULT SYSDATE, 
	"CM_STATUS" VARCHAR2(1 BYTE) DEFAULT 'Y', 
	"P_ID" NUMBER, 
	"CT_ID" NUMBER, 
	"FNO" NUMBER
   ) SEGMENT CREATION IMMEDIATE 
  PCTFREE 10 PCTUSED 40 INITRANS 1 MAXTRANS 255 NOCOMPRESS LOGGING
  STORAGE(INITIAL 65536 NEXT 1048576 MINEXTENTS 1 MAXEXTENTS 2147483645
  PCTINCREASE 0 FREELISTS 1 FREELIST GROUPS 1 BUFFER_POOL DEFAULT FLASH_CACHE DEFAULT CELL_FLASH_CACHE DEFAULT)
  TABLESPACE "SYSTEM" ;
--------------------------------------------------------
--  DDL for Table DELIVARY
--------------------------------------------------------

  CREATE TABLE "FINALPRO"."DELIVARY" 
   (	"PAYNO" NUMBER, 
	"D_STATUS" VARCHAR2(30 BYTE) DEFAULT '배송완료'
   ) SEGMENT CREATION IMMEDIATE 
  PCTFREE 10 PCTUSED 40 INITRANS 1 MAXTRANS 255 NOCOMPRESS LOGGING
  STORAGE(INITIAL 65536 NEXT 1048576 MINEXTENTS 1 MAXEXTENTS 2147483645
  PCTINCREASE 0 FREELISTS 1 FREELIST GROUPS 1 BUFFER_POOL DEFAULT FLASH_CACHE DEFAULT CELL_FLASH_CACHE DEFAULT)
  TABLESPACE "SYSTEM" ;
--------------------------------------------------------
--  DDL for Table FREE_BOARD
--------------------------------------------------------

  CREATE TABLE "FINALPRO"."FREE_BOARD" 
   (	"FNO" NUMBER, 
	"ID" VARCHAR2(30 BYTE), 
	"FTITLE" VARCHAR2(30 BYTE), 
	"FCONTENT" CLOB, 
	"FCOUNT" NUMBER DEFAULT 0, 
	"ENROLL_DATE" DATE DEFAULT SYSDATE, 
	"MODIFY_DATE" DATE DEFAULT SYSDATE, 
	"STATUS" VARCHAR2(1 BYTE) DEFAULT 'Y'
   ) SEGMENT CREATION IMMEDIATE 
  PCTFREE 10 PCTUSED 40 INITRANS 1 MAXTRANS 255 NOCOMPRESS LOGGING
  STORAGE(INITIAL 65536 NEXT 1048576 MINEXTENTS 1 MAXEXTENTS 2147483645
  PCTINCREASE 0 FREELISTS 1 FREELIST GROUPS 1 BUFFER_POOL DEFAULT FLASH_CACHE DEFAULT CELL_FLASH_CACHE DEFAULT)
  TABLESPACE "SYSTEM" 
 LOB ("FCONTENT") STORE AS BASICFILE (
  TABLESPACE "SYSTEM" ENABLE STORAGE IN ROW CHUNK 8192 RETENTION 
  NOCACHE LOGGING 
  STORAGE(INITIAL 65536 NEXT 1048576 MINEXTENTS 1 MAXEXTENTS 2147483645
  PCTINCREASE 0 FREELISTS 1 FREELIST GROUPS 1 BUFFER_POOL DEFAULT FLASH_CACHE DEFAULT CELL_FLASH_CACHE DEFAULT)) ;
--------------------------------------------------------
--  DDL for Table GOOD
--------------------------------------------------------

  CREATE TABLE "FINALPRO"."GOOD" 
   (	"GOODUSER" VARCHAR2(30 BYTE), 
	"CT_ID" NUMBER, 
	"BNO" NUMBER, 
	"FNO" NUMBER, 
	"GOODCHECK" VARCHAR2(1 BYTE) DEFAULT 'N'
   ) SEGMENT CREATION IMMEDIATE 
  PCTFREE 10 PCTUSED 40 INITRANS 1 MAXTRANS 255 NOCOMPRESS LOGGING
  STORAGE(INITIAL 65536 NEXT 1048576 MINEXTENTS 1 MAXEXTENTS 2147483645
  PCTINCREASE 0 FREELISTS 1 FREELIST GROUPS 1 BUFFER_POOL DEFAULT FLASH_CACHE DEFAULT CELL_FLASH_CACHE DEFAULT)
  TABLESPACE "SYSTEM" ;
--------------------------------------------------------
--  DDL for Table INGREDIENTS
--------------------------------------------------------

  CREATE TABLE "FINALPRO"."INGREDIENTS" 
   (	"IN_NO" NUMBER, 
	"IN_NAME" VARCHAR2(40 BYTE), 
	"IN_TYPE" VARCHAR2(20 BYTE), 
	"IN_GRAM" NUMBER, 
	"IN_CREATEDATE" DATE DEFAULT SYSDATE, 
	"STATUS" VARCHAR2(1 BYTE) DEFAULT 'Y', 
	"IN_ORIGINALFILE" VARCHAR2(100 BYTE), 
	"IN_RENAMEFILE" VARCHAR2(100 BYTE)
   ) SEGMENT CREATION IMMEDIATE 
  PCTFREE 10 PCTUSED 40 INITRANS 1 MAXTRANS 255 NOCOMPRESS LOGGING
  STORAGE(INITIAL 65536 NEXT 1048576 MINEXTENTS 1 MAXEXTENTS 2147483645
  PCTINCREASE 0 FREELISTS 1 FREELIST GROUPS 1 BUFFER_POOL DEFAULT FLASH_CACHE DEFAULT CELL_FLASH_CACHE DEFAULT)
  TABLESPACE "SYSTEM" ;
--------------------------------------------------------
--  DDL for Table LBOTM
--------------------------------------------------------

  CREATE TABLE "FINALPRO"."LBOTM" 
   (	"BNO" NUMBER, 
	"PT_ID" NUMBER, 
	"USERID" VARCHAR2(30 BYTE), 
	"B_TITLE" VARCHAR2(100 BYTE), 
	"B_CONTENT" CLOB, 
	"B_NICKNAME" VARCHAR2(30 BYTE), 
	"B_CREATEDATE" DATE DEFAULT SYSDATE, 
	"BMODIFYDATE" DATE DEFAULT SYSDATE, 
	"B_COUNT" NUMBER DEFAULT 0, 
	"CT_ID" NUMBER, 
	"B_SRC" VARCHAR2(100 BYTE), 
	"B_STATUS" VARCHAR2(1 BYTE) DEFAULT 'Y'
   ) SEGMENT CREATION IMMEDIATE 
  PCTFREE 10 PCTUSED 40 INITRANS 1 MAXTRANS 255 NOCOMPRESS LOGGING
  STORAGE(INITIAL 65536 NEXT 1048576 MINEXTENTS 1 MAXEXTENTS 2147483645
  PCTINCREASE 0 FREELISTS 1 FREELIST GROUPS 1 BUFFER_POOL DEFAULT FLASH_CACHE DEFAULT CELL_FLASH_CACHE DEFAULT)
  TABLESPACE "SYSTEM" 
 LOB ("B_CONTENT") STORE AS BASICFILE "SYS_LOB0000022366C00005$$"(
  TABLESPACE "SYSTEM" ENABLE STORAGE IN ROW CHUNK 8192 RETENTION 
  NOCACHE LOGGING 
  STORAGE(INITIAL 65536 NEXT 1048576 MINEXTENTS 1 MAXEXTENTS 2147483645
  PCTINCREASE 0 FREELISTS 1 FREELIST GROUPS 1 BUFFER_POOL DEFAULT FLASH_CACHE DEFAULT CELL_FLASH_CACHE DEFAULT)) ;
--------------------------------------------------------
--  DDL for Table LBOTMCOMMENTS
--------------------------------------------------------

  CREATE TABLE "FINALPRO"."LBOTMCOMMENTS" 
   (	"LBOTM_NO" NUMBER, 
	"LBOTM_CONTENT" CLOB, 
	"BNO" NUMBER, 
	"USERID" VARCHAR2(30 BYTE), 
	"LBOTM_DATE" DATE, 
	"LBOTM_STATUS" VARCHAR2(20 BYTE) DEFAULT 'Y', 
	"NICKNAME" VARCHAR2(20 BYTE)
   ) SEGMENT CREATION IMMEDIATE 
  PCTFREE 10 PCTUSED 40 INITRANS 1 MAXTRANS 255 NOCOMPRESS LOGGING
  STORAGE(INITIAL 65536 NEXT 1048576 MINEXTENTS 1 MAXEXTENTS 2147483645
  PCTINCREASE 0 FREELISTS 1 FREELIST GROUPS 1 BUFFER_POOL DEFAULT FLASH_CACHE DEFAULT CELL_FLASH_CACHE DEFAULT)
  TABLESPACE "SYSTEM" 
 LOB ("LBOTM_CONTENT") STORE AS BASICFILE "SYS_LOB0000022923C00002$$"(
  TABLESPACE "SYSTEM" ENABLE STORAGE IN ROW CHUNK 8192 RETENTION 
  NOCACHE LOGGING 
  STORAGE(INITIAL 65536 NEXT 1048576 MINEXTENTS 1 MAXEXTENTS 2147483645
  PCTINCREASE 0 FREELISTS 1 FREELIST GROUPS 1 BUFFER_POOL DEFAULT FLASH_CACHE DEFAULT CELL_FLASH_CACHE DEFAULT)) ;
--------------------------------------------------------
--  DDL for Table MBLRECIPE
--------------------------------------------------------

  CREATE TABLE "FINALPRO"."MBLRECIPE" 
   (	"MBL_ID" NUMBER, 
	"MBL_TITLE" VARCHAR2(100 BYTE), 
	"USERID" VARCHAR2(30 BYTE), 
	"NUMBERS" VARCHAR2(50 BYTE), 
	"MBL_FILENAME" VARCHAR2(200 BYTE), 
	"MBL_CREATEDATE" DATE DEFAULT SYSDATE, 
	"MBL_TYPE" VARCHAR2(20 BYTE), 
	"STATUS" VARCHAR2(1 BYTE) DEFAULT 'Y'
   ) SEGMENT CREATION IMMEDIATE 
  PCTFREE 10 PCTUSED 40 INITRANS 1 MAXTRANS 255 NOCOMPRESS LOGGING
  STORAGE(INITIAL 65536 NEXT 1048576 MINEXTENTS 1 MAXEXTENTS 2147483645
  PCTINCREASE 0 FREELISTS 1 FREELIST GROUPS 1 BUFFER_POOL DEFAULT FLASH_CACHE DEFAULT CELL_FLASH_CACHE DEFAULT)
  TABLESPACE "SYSTEM" ;
--------------------------------------------------------
--  DDL for Table MEMBER
--------------------------------------------------------

  CREATE TABLE "FINALPRO"."MEMBER" 
   (	"USERID" VARCHAR2(30 BYTE), 
	"PASSWORD" VARCHAR2(100 BYTE), 
	"NICKNAME" VARCHAR2(30 BYTE), 
	"EMAIL" VARCHAR2(30 BYTE), 
	"ADDRESS" VARCHAR2(200 BYTE), 
	"PHONE" VARCHAR2(30 BYTE), 
	"ENROLL_DATE" DATE DEFAULT SYSDATE, 
	"MODIFY_DATE" DATE DEFAULT SYSDATE, 
	"STATUS" VARCHAR2(1 BYTE) DEFAULT 'Y', 
	"USERNAME" VARCHAR2(20 BYTE)
   ) SEGMENT CREATION IMMEDIATE 
  PCTFREE 10 PCTUSED 40 INITRANS 1 MAXTRANS 255 NOCOMPRESS LOGGING
  STORAGE(INITIAL 65536 NEXT 1048576 MINEXTENTS 1 MAXEXTENTS 2147483645
  PCTINCREASE 0 FREELISTS 1 FREELIST GROUPS 1 BUFFER_POOL DEFAULT FLASH_CACHE DEFAULT CELL_FLASH_CACHE DEFAULT)
  TABLESPACE "SYSTEM" ;
--------------------------------------------------------
--  DDL for Table NOTICE
--------------------------------------------------------

  CREATE TABLE "FINALPRO"."NOTICE" 
   (	"NNO" NUMBER, 
	"ID" VARCHAR2(30 BYTE), 
	"NTITLE" VARCHAR2(100 BYTE), 
	"NCONTENT" CLOB, 
	"NCOUNT" NUMBER DEFAULT 0, 
	"STATUS" VARCHAR2(1 BYTE) DEFAULT 'Y', 
	"NDATE" DATE DEFAULT SYSDATE, 
	"MODIFY_DATE" DATE DEFAULT SYSDATE, 
	"NICKNAME" VARCHAR2(30 BYTE)
   ) SEGMENT CREATION IMMEDIATE 
  PCTFREE 10 PCTUSED 40 INITRANS 1 MAXTRANS 255 NOCOMPRESS LOGGING
  STORAGE(INITIAL 65536 NEXT 1048576 MINEXTENTS 1 MAXEXTENTS 2147483645
  PCTINCREASE 0 FREELISTS 1 FREELIST GROUPS 1 BUFFER_POOL DEFAULT FLASH_CACHE DEFAULT CELL_FLASH_CACHE DEFAULT)
  TABLESPACE "SYSTEM" 
 LOB ("NCONTENT") STORE AS BASICFILE (
  TABLESPACE "SYSTEM" ENABLE STORAGE IN ROW CHUNK 8192 RETENTION 
  NOCACHE LOGGING 
  STORAGE(INITIAL 65536 NEXT 1048576 MINEXTENTS 1 MAXEXTENTS 2147483645
  PCTINCREASE 0 FREELISTS 1 FREELIST GROUPS 1 BUFFER_POOL DEFAULT FLASH_CACHE DEFAULT CELL_FLASH_CACHE DEFAULT)) ;

   COMMENT ON COLUMN "FINALPRO"."NOTICE"."NNO" IS '게시판번호';
   COMMENT ON COLUMN "FINALPRO"."NOTICE"."ID" IS '아이디';
   COMMENT ON COLUMN "FINALPRO"."NOTICE"."NTITLE" IS '제목';
   COMMENT ON COLUMN "FINALPRO"."NOTICE"."NCONTENT" IS '내용';
   COMMENT ON COLUMN "FINALPRO"."NOTICE"."NCOUNT" IS '조회수';
   COMMENT ON COLUMN "FINALPRO"."NOTICE"."STATUS" IS '게시글 여부';
   COMMENT ON COLUMN "FINALPRO"."NOTICE"."NDATE" IS '작성날짜';
   COMMENT ON COLUMN "FINALPRO"."NOTICE"."MODIFY_DATE" IS '수정날짜';
   COMMENT ON COLUMN "FINALPRO"."NOTICE"."NICKNAME" IS '닉네임';
--------------------------------------------------------
--  DDL for Table NOTICECOMMENTS
--------------------------------------------------------

  CREATE TABLE "FINALPRO"."NOTICECOMMENTS" 
   (	"COMMENTS_NO" NUMBER, 
	"COMMENTS_CONTENT" CLOB, 
	"NNO" NUMBER, 
	"USERID" VARCHAR2(30 BYTE), 
	"COMMENTS_DATE" DATE, 
	"COMMENTS_STATUS" VARCHAR2(20 BYTE) DEFAULT 'Y', 
	"NICKNAME" VARCHAR2(20 BYTE)
   ) SEGMENT CREATION IMMEDIATE 
  PCTFREE 10 PCTUSED 40 INITRANS 1 MAXTRANS 255 NOCOMPRESS LOGGING
  STORAGE(INITIAL 65536 NEXT 1048576 MINEXTENTS 1 MAXEXTENTS 2147483645
  PCTINCREASE 0 FREELISTS 1 FREELIST GROUPS 1 BUFFER_POOL DEFAULT FLASH_CACHE DEFAULT CELL_FLASH_CACHE DEFAULT)
  TABLESPACE "SYSTEM" 
 LOB ("COMMENTS_CONTENT") STORE AS BASICFILE (
  TABLESPACE "SYSTEM" ENABLE STORAGE IN ROW CHUNK 8192 RETENTION 
  NOCACHE LOGGING 
  STORAGE(INITIAL 65536 NEXT 1048576 MINEXTENTS 1 MAXEXTENTS 2147483645
  PCTINCREASE 0 FREELISTS 1 FREELIST GROUPS 1 BUFFER_POOL DEFAULT FLASH_CACHE DEFAULT CELL_FLASH_CACHE DEFAULT)) ;
--------------------------------------------------------
--  DDL for Table PAYMENT
--------------------------------------------------------

  CREATE TABLE "FINALPRO"."PAYMENT" 
   (	"PAYNO" NUMBER, 
	"USERID" VARCHAR2(30 BYTE), 
	"P_ID" VARCHAR2(200 BYTE), 
	"PAYNAME" VARCHAR2(100 BYTE), 
	"PAYPHONE" VARCHAR2(50 BYTE), 
	"PAYCELLPHONE" VARCHAR2(50 BYTE), 
	"PAYEMAIL" VARCHAR2(50 BYTE), 
	"RECEIVERNAME" VARCHAR2(50 BYTE), 
	"RECEIVERPHONE" VARCHAR2(50 BYTE), 
	"RECEIVERCELLPHONE" VARCHAR2(50 BYTE), 
	"PAYPRICE" NUMBER, 
	"ORDERMEMO" VARCHAR2(400 BYTE), 
	"PAYDATE" VARCHAR2(250 BYTE), 
	"DELIVARYDATE" VARCHAR2(150 BYTE), 
	"PAYRECIPE" CLOB, 
	"PAYADDRESS" VARCHAR2(150 BYTE), 
	"PSTATUS" VARCHAR2(1 BYTE) DEFAULT 'Y', 
	"PAYTEXT" VARCHAR2(200 BYTE), 
	"CHECKDATE" DATE DEFAULT SYSDATE, 
	"P_NUM" VARCHAR2(150 BYTE), 
	"P_IMG" VARCHAR2(300 BYTE)
   ) SEGMENT CREATION IMMEDIATE 
  PCTFREE 10 PCTUSED 40 INITRANS 1 MAXTRANS 255 NOCOMPRESS LOGGING
  STORAGE(INITIAL 65536 NEXT 1048576 MINEXTENTS 1 MAXEXTENTS 2147483645
  PCTINCREASE 0 FREELISTS 1 FREELIST GROUPS 1 BUFFER_POOL DEFAULT FLASH_CACHE DEFAULT CELL_FLASH_CACHE DEFAULT)
  TABLESPACE "SYSTEM" 
 LOB ("PAYRECIPE") STORE AS BASICFILE (
  TABLESPACE "SYSTEM" ENABLE STORAGE IN ROW CHUNK 8192 RETENTION 
  NOCACHE LOGGING 
  STORAGE(INITIAL 65536 NEXT 1048576 MINEXTENTS 1 MAXEXTENTS 2147483645
  PCTINCREASE 0 FREELISTS 1 FREELIST GROUPS 1 BUFFER_POOL DEFAULT FLASH_CACHE DEFAULT CELL_FLASH_CACHE DEFAULT)) ;
--------------------------------------------------------
--  DDL for Table PAYMENT_PRODUCT
--------------------------------------------------------

  CREATE TABLE "FINALPRO"."PAYMENT_PRODUCT" 
   (	"PNO" NUMBER, 
	"PPNO" VARCHAR2(50 BYTE), 
	"PNAME" VARCHAR2(150 BYTE), 
	"PAMOUNT" NUMBER DEFAULT 0, 
	"PPRICE" NUMBER, 
	"PCREATEDATE" DATE DEFAULT SYSDATE, 
	"ID" VARCHAR2(30 BYTE), 
	"TOTALPRICE" NUMBER, 
	"P_IMG" VARCHAR2(150 BYTE)
   ) SEGMENT CREATION IMMEDIATE 
  PCTFREE 10 PCTUSED 40 INITRANS 1 MAXTRANS 255 NOCOMPRESS LOGGING
  STORAGE(INITIAL 65536 NEXT 1048576 MINEXTENTS 1 MAXEXTENTS 2147483645
  PCTINCREASE 0 FREELISTS 1 FREELIST GROUPS 1 BUFFER_POOL DEFAULT FLASH_CACHE DEFAULT CELL_FLASH_CACHE DEFAULT)
  TABLESPACE "SYSTEM" ;
--------------------------------------------------------
--  DDL for Table PICTURELIST
--------------------------------------------------------

  CREATE TABLE "FINALPRO"."PICTURELIST" 
   (	"PT_ID" NUMBER, 
	"PT_NAME" VARCHAR2(200 BYTE), 
	"PT_REALNAME" VARCHAR2(100 BYTE), 
	"PT_CREATEDATE" DATE DEFAULT SYSDATE, 
	"PT_UPDATEDATE" DATE DEFAULT SYSDATE, 
	"P_ID" NUMBER, 
	"PT_STATUS" VARCHAR2(20 BYTE) DEFAULT 'Y', 
	"PT_TYPE" NUMBER
   ) SEGMENT CREATION IMMEDIATE 
  PCTFREE 10 PCTUSED 40 INITRANS 1 MAXTRANS 255 NOCOMPRESS LOGGING
  STORAGE(INITIAL 65536 NEXT 1048576 MINEXTENTS 1 MAXEXTENTS 2147483645
  PCTINCREASE 0 FREELISTS 1 FREELIST GROUPS 1 BUFFER_POOL DEFAULT FLASH_CACHE DEFAULT CELL_FLASH_CACHE DEFAULT)
  TABLESPACE "SYSTEM" ;

   COMMENT ON COLUMN "FINALPRO"."PICTURELIST"."PT_ID" IS '사진번호';
   COMMENT ON COLUMN "FINALPRO"."PICTURELIST"."PT_NAME" IS '사진명';
   COMMENT ON COLUMN "FINALPRO"."PICTURELIST"."PT_REALNAME" IS '실제이름';
   COMMENT ON COLUMN "FINALPRO"."PICTURELIST"."PT_CREATEDATE" IS '등록일';
   COMMENT ON COLUMN "FINALPRO"."PICTURELIST"."PT_UPDATEDATE" IS '수정일';
   COMMENT ON COLUMN "FINALPRO"."PICTURELIST"."P_ID" IS '상품번호';
   COMMENT ON COLUMN "FINALPRO"."PICTURELIST"."PT_STATUS" IS '삭제여부
';
--------------------------------------------------------
--  DDL for Table PRODUCT
--------------------------------------------------------

  CREATE TABLE "FINALPRO"."PRODUCT" 
   (	"P_ID" NUMBER, 
	"P_NAME" VARCHAR2(100 BYTE), 
	"P_CONTENT" VARCHAR2(1000 BYTE), 
	"P_CREATEDATE" DATE DEFAULT SYSDATE, 
	"P_UPDATEDATE" DATE DEFAULT SYSDATE, 
	"P_LIKE" NUMBER DEFAULT 0, 
	"P_QUANTITY" NUMBER DEFAULT 0, 
	"P_LUNCHTYPE" VARCHAR2(20 BYTE), 
	"P_PRICE" NUMBER, 
	"P_SELL" VARCHAR2(20 BYTE) DEFAULT 'Y', 
	"P_STATUS" VARCHAR2(2 BYTE) DEFAULT 'Y', 
	"P_COUNT" NUMBER DEFAULT 0
   ) SEGMENT CREATION IMMEDIATE 
  PCTFREE 10 PCTUSED 40 INITRANS 1 MAXTRANS 255 NOCOMPRESS LOGGING
  STORAGE(INITIAL 65536 NEXT 1048576 MINEXTENTS 1 MAXEXTENTS 2147483645
  PCTINCREASE 0 FREELISTS 1 FREELIST GROUPS 1 BUFFER_POOL DEFAULT FLASH_CACHE DEFAULT CELL_FLASH_CACHE DEFAULT)
  TABLESPACE "SYSTEM" ;

   COMMENT ON COLUMN "FINALPRO"."PRODUCT"."P_ID" IS '상품아이디
';
   COMMENT ON COLUMN "FINALPRO"."PRODUCT"."P_NAME" IS '상품명';
   COMMENT ON COLUMN "FINALPRO"."PRODUCT"."P_CONTENT" IS '상품내용';
   COMMENT ON COLUMN "FINALPRO"."PRODUCT"."P_CREATEDATE" IS '등록일';
   COMMENT ON COLUMN "FINALPRO"."PRODUCT"."P_UPDATEDATE" IS '수정일';
   COMMENT ON COLUMN "FINALPRO"."PRODUCT"."P_LIKE" IS '추천';
   COMMENT ON COLUMN "FINALPRO"."PRODUCT"."P_QUANTITY" IS '수량';
   COMMENT ON COLUMN "FINALPRO"."PRODUCT"."P_LUNCHTYPE" IS '도시락타입';
   COMMENT ON COLUMN "FINALPRO"."PRODUCT"."P_PRICE" IS '가격';
   COMMENT ON COLUMN "FINALPRO"."PRODUCT"."P_SELL" IS '판매상태';
   COMMENT ON COLUMN "FINALPRO"."PRODUCT"."P_STATUS" IS '삭제여부
';
   COMMENT ON COLUMN "FINALPRO"."PRODUCT"."P_COUNT" IS '판매수량';
--------------------------------------------------------
--  DDL for Table PRODUCTANSWER
--------------------------------------------------------

  CREATE TABLE "FINALPRO"."PRODUCTANSWER" 
   (	"ANSWER_ID" NUMBER, 
	"ANSWER_NAME" VARCHAR2(20 BYTE) DEFAULT '운영자', 
	"ANSWER_CONTENT" CLOB, 
	"ANSWER_CREATEDATE" VARCHAR2(30 BYTE), 
	"P_ID" NUMBER, 
	"QNA_ID" NUMBER
   ) SEGMENT CREATION IMMEDIATE 
  PCTFREE 10 PCTUSED 40 INITRANS 1 MAXTRANS 255 NOCOMPRESS LOGGING
  STORAGE(INITIAL 65536 NEXT 1048576 MINEXTENTS 1 MAXEXTENTS 2147483645
  PCTINCREASE 0 FREELISTS 1 FREELIST GROUPS 1 BUFFER_POOL DEFAULT FLASH_CACHE DEFAULT CELL_FLASH_CACHE DEFAULT)
  TABLESPACE "SYSTEM" 
 LOB ("ANSWER_CONTENT") STORE AS BASICFILE "SYS_LOB0000022263C00003$$"(
  TABLESPACE "SYSTEM" ENABLE STORAGE IN ROW CHUNK 8192 RETENTION 
  NOCACHE LOGGING 
  STORAGE(INITIAL 65536 NEXT 1048576 MINEXTENTS 1 MAXEXTENTS 2147483645
  PCTINCREASE 0 FREELISTS 1 FREELIST GROUPS 1 BUFFER_POOL DEFAULT FLASH_CACHE DEFAULT CELL_FLASH_CACHE DEFAULT)) ;

   COMMENT ON COLUMN "FINALPRO"."PRODUCTANSWER"."ANSWER_ID" IS '답변 번호
';
   COMMENT ON COLUMN "FINALPRO"."PRODUCTANSWER"."ANSWER_NAME" IS '답변자';
   COMMENT ON COLUMN "FINALPRO"."PRODUCTANSWER"."ANSWER_CONTENT" IS '답변 내용';
   COMMENT ON COLUMN "FINALPRO"."PRODUCTANSWER"."ANSWER_CREATEDATE" IS '답변 날짜';
   COMMENT ON COLUMN "FINALPRO"."PRODUCTANSWER"."P_ID" IS '게시판 번호';
   COMMENT ON COLUMN "FINALPRO"."PRODUCTANSWER"."QNA_ID" IS '문의 번호';
--------------------------------------------------------
--  DDL for Table PRODUCTQNA
--------------------------------------------------------

  CREATE TABLE "FINALPRO"."PRODUCTQNA" 
   (	"QNA_ID" NUMBER, 
	"QNA_USER" VARCHAR2(30 BYTE), 
	"QNA_CONTENT" CLOB, 
	"QNA_CREATEDATE" VARCHAR2(30 BYTE), 
	"P_ID" NUMBER, 
	"QNA_STATUS" VARCHAR2(1 BYTE) DEFAULT 'Y', 
	"QNA_ANSWER" VARCHAR2(1 BYTE) DEFAULT 'N', 
	"QNA_SECRET" VARCHAR2(1 BYTE), 
	"QNA_ANSWERDATE" VARCHAR2(20 BYTE)
   ) SEGMENT CREATION IMMEDIATE 
  PCTFREE 10 PCTUSED 40 INITRANS 1 MAXTRANS 255 NOCOMPRESS LOGGING
  STORAGE(INITIAL 65536 NEXT 1048576 MINEXTENTS 1 MAXEXTENTS 2147483645
  PCTINCREASE 0 FREELISTS 1 FREELIST GROUPS 1 BUFFER_POOL DEFAULT FLASH_CACHE DEFAULT CELL_FLASH_CACHE DEFAULT)
  TABLESPACE "SYSTEM" 
 LOB ("QNA_CONTENT") STORE AS BASICFILE "SYS_LOB0000021958C00003$$"(
  TABLESPACE "SYSTEM" ENABLE STORAGE IN ROW CHUNK 8192 RETENTION 
  NOCACHE LOGGING 
  STORAGE(INITIAL 65536 NEXT 1048576 MINEXTENTS 1 MAXEXTENTS 2147483645
  PCTINCREASE 0 FREELISTS 1 FREELIST GROUPS 1 BUFFER_POOL DEFAULT FLASH_CACHE DEFAULT CELL_FLASH_CACHE DEFAULT)) ;

   COMMENT ON COLUMN "FINALPRO"."PRODUCTQNA"."QNA_ID" IS '댓글번호';
   COMMENT ON COLUMN "FINALPRO"."PRODUCTQNA"."QNA_USER" IS '글작성자';
   COMMENT ON COLUMN "FINALPRO"."PRODUCTQNA"."QNA_CONTENT" IS '문의 내용';
   COMMENT ON COLUMN "FINALPRO"."PRODUCTQNA"."QNA_CREATEDATE" IS '작성일';
   COMMENT ON COLUMN "FINALPRO"."PRODUCTQNA"."P_ID" IS '게시판번호';
   COMMENT ON COLUMN "FINALPRO"."PRODUCTQNA"."QNA_STATUS" IS '삭제여부';
   COMMENT ON COLUMN "FINALPRO"."PRODUCTQNA"."QNA_ANSWER" IS '답변 여부';
   COMMENT ON COLUMN "FINALPRO"."PRODUCTQNA"."QNA_SECRET" IS '문의 타입';
   COMMENT ON COLUMN "FINALPRO"."PRODUCTQNA"."QNA_ANSWERDATE" IS '답변 날자
';
--------------------------------------------------------
--  DDL for Table PRODUCTREVIEW
--------------------------------------------------------

  CREATE TABLE "FINALPRO"."PRODUCTREVIEW" 
   (	"PV_ID" NUMBER, 
	"P_ID" NUMBER, 
	"PV_USER" VARCHAR2(30 BYTE), 
	"PV_REVIEWCONTENT" VARCHAR2(1000 BYTE), 
	"PV_CREATEDATE" VARCHAR2(20 BYTE) DEFAULT NULL, 
	"PV_UPDATEDATE" DATE DEFAULT SYSDATE, 
	"STATUS" VARCHAR2(1 BYTE) DEFAULT 'Y', 
	"PV_PARENT" NUMBER
   ) SEGMENT CREATION IMMEDIATE 
  PCTFREE 10 PCTUSED 40 INITRANS 1 MAXTRANS 255 NOCOMPRESS LOGGING
  STORAGE(INITIAL 65536 NEXT 1048576 MINEXTENTS 1 MAXEXTENTS 2147483645
  PCTINCREASE 0 FREELISTS 1 FREELIST GROUPS 1 BUFFER_POOL DEFAULT FLASH_CACHE DEFAULT CELL_FLASH_CACHE DEFAULT)
  TABLESPACE "SYSTEM" ;

   COMMENT ON COLUMN "FINALPRO"."PRODUCTREVIEW"."PV_ID" IS '댓글 글번호';
   COMMENT ON COLUMN "FINALPRO"."PRODUCTREVIEW"."P_ID" IS '게시글( 상품 번호)글번호';
   COMMENT ON COLUMN "FINALPRO"."PRODUCTREVIEW"."PV_USER" IS '작성자';
   COMMENT ON COLUMN "FINALPRO"."PRODUCTREVIEW"."PV_REVIEWCONTENT" IS '내용';
   COMMENT ON COLUMN "FINALPRO"."PRODUCTREVIEW"."PV_CREATEDATE" IS '작성일';
   COMMENT ON COLUMN "FINALPRO"."PRODUCTREVIEW"."PV_UPDATEDATE" IS '수정일';
   COMMENT ON COLUMN "FINALPRO"."PRODUCTREVIEW"."STATUS" IS '삭제여부';
   COMMENT ON COLUMN "FINALPRO"."PRODUCTREVIEW"."PV_PARENT" IS '부모글';
REM INSERTING into FINALPRO.CART
SET DEFINE OFF;
Insert into FINALPRO.CART (CNO,CNAME,CAMOUNT,CPRICE,CCREATEDATE,P_ID,ID,C_IMG) values (100086,'프랑스 니스퐁 샐러드',1,4500,to_date('19/09/23','RR/MM/DD'),6,'admin','resources/img/products/20190923110757425.jpg');
Insert into FINALPRO.CART (CNO,CNAME,CAMOUNT,CPRICE,CCREATEDATE,P_ID,ID,C_IMG) values (100116,'단기 집중 식단관리 패키지',1,500,to_date('19/09/23','RR/MM/DD'),8,'kysub8614','resources/img/products/20190923111119013.jpg');
Insert into FINALPRO.CART (CNO,CNAME,CAMOUNT,CPRICE,CCREATEDATE,P_ID,ID,C_IMG) values (100117,'프랑스 니스퐁 샐러드',1,4500,to_date('19/09/23','RR/MM/DD'),6,'kysub8614','resources/img/products/20190923110757425.jpg');
REM INSERTING into FINALPRO.CATEGORY
SET DEFINE OFF;
REM INSERTING into FINALPRO.COMMENTLIST
SET DEFINE OFF;
REM INSERTING into FINALPRO.DELIVARY
SET DEFINE OFF;
REM INSERTING into FINALPRO.FREE_BOARD
SET DEFINE OFF;
REM INSERTING into FINALPRO.GOOD
SET DEFINE OFF;
REM INSERTING into FINALPRO.INGREDIENTS
SET DEFINE OFF;
Insert into FINALPRO.INGREDIENTS (IN_NO,IN_NAME,IN_TYPE,IN_GRAM,IN_CREATEDATE,STATUS,IN_ORIGINALFILE,IN_RENAMEFILE) values (265,'백미','1_밥',150,to_date('19/09/18','RR/MM/DD'),'Y','백미_1.png','백미_1.png');
Insert into FINALPRO.INGREDIENTS (IN_NO,IN_NAME,IN_TYPE,IN_GRAM,IN_CREATEDATE,STATUS,IN_ORIGINALFILE,IN_RENAMEFILE) values (266,'보리밥','1_밥',150,to_date('19/09/18','RR/MM/DD'),'Y','보리밥 1.png','보리밥_1.png');
Insert into FINALPRO.INGREDIENTS (IN_NO,IN_NAME,IN_TYPE,IN_GRAM,IN_CREATEDATE,STATUS,IN_ORIGINALFILE,IN_RENAMEFILE) values (267,'볶음밥','1_밥',150,to_date('19/09/18','RR/MM/DD'),'Y','볶음밥_1.png','볶음밥_1.png');
Insert into FINALPRO.INGREDIENTS (IN_NO,IN_NAME,IN_TYPE,IN_GRAM,IN_CREATEDATE,STATUS,IN_ORIGINALFILE,IN_RENAMEFILE) values (268,'비빔밥','1_밥',150,to_date('19/09/18','RR/MM/DD'),'Y','비빔밥_1.png','비빔밥_1.png');
Insert into FINALPRO.INGREDIENTS (IN_NO,IN_NAME,IN_TYPE,IN_GRAM,IN_CREATEDATE,STATUS,IN_ORIGINALFILE,IN_RENAMEFILE) values (269,'새우볶음밥','1_밥',150,to_date('19/09/18','RR/MM/DD'),'Y','새우볶음밥_1.png','새우볶음밥_1.png');
Insert into FINALPRO.INGREDIENTS (IN_NO,IN_NAME,IN_TYPE,IN_GRAM,IN_CREATEDATE,STATUS,IN_ORIGINALFILE,IN_RENAMEFILE) values (270,'오곡밥','1_밥',150,to_date('19/09/18','RR/MM/DD'),'Y','오곡밥_1.png','오곡밥_1.png');
Insert into FINALPRO.INGREDIENTS (IN_NO,IN_NAME,IN_TYPE,IN_GRAM,IN_CREATEDATE,STATUS,IN_ORIGINALFILE,IN_RENAMEFILE) values (271,'감자볶음','2_서브1',100,to_date('19/09/18','RR/MM/DD'),'Y','감자볶음_2.png','감자볶음_2.png');
Insert into FINALPRO.INGREDIENTS (IN_NO,IN_NAME,IN_TYPE,IN_GRAM,IN_CREATEDATE,STATUS,IN_ORIGINALFILE,IN_RENAMEFILE) values (272,'건새우볶음','2_서브1',100,to_date('19/09/18','RR/MM/DD'),'Y','건새우볶음_2.png','건새우볶음_2.png');
Insert into FINALPRO.INGREDIENTS (IN_NO,IN_NAME,IN_TYPE,IN_GRAM,IN_CREATEDATE,STATUS,IN_ORIGINALFILE,IN_RENAMEFILE) values (273,'고사리나물','2_서브1',100,to_date('19/09/18','RR/MM/DD'),'Y','고사리나물_2.png','고사리나물_2.png');
Insert into FINALPRO.INGREDIENTS (IN_NO,IN_NAME,IN_TYPE,IN_GRAM,IN_CREATEDATE,STATUS,IN_ORIGINALFILE,IN_RENAMEFILE) values (274,'깻잎나물볶음','2_서브1',100,to_date('19/09/18','RR/MM/DD'),'Y','깻잎나물볶음_2.png','깻잎나물볶음_2.png');
Insert into FINALPRO.INGREDIENTS (IN_NO,IN_NAME,IN_TYPE,IN_GRAM,IN_CREATEDATE,STATUS,IN_ORIGINALFILE,IN_RENAMEFILE) values (275,'느티버섯','2_서브1',100,to_date('19/09/18','RR/MM/DD'),'Y','느티버섯_2.png','느티버섯_2.png');
Insert into FINALPRO.INGREDIENTS (IN_NO,IN_NAME,IN_TYPE,IN_GRAM,IN_CREATEDATE,STATUS,IN_ORIGINALFILE,IN_RENAMEFILE) values (276,'도토리묵','2_서브1',100,to_date('19/09/18','RR/MM/DD'),'Y','도토리묵_2.png','도토리묵_2.png');
Insert into FINALPRO.INGREDIENTS (IN_NO,IN_NAME,IN_TYPE,IN_GRAM,IN_CREATEDATE,STATUS,IN_ORIGINALFILE,IN_RENAMEFILE) values (277,'멸치풋고추볶음','2_서브1',100,to_date('19/09/18','RR/MM/DD'),'Y','멸치풋고추볶음_2.png','멸치풋고추볶음_2.png');
Insert into FINALPRO.INGREDIENTS (IN_NO,IN_NAME,IN_TYPE,IN_GRAM,IN_CREATEDATE,STATUS,IN_ORIGINALFILE,IN_RENAMEFILE) values (278,'미나리나물','2_서브1',100,to_date('19/09/18','RR/MM/DD'),'Y','미나리나물_2.png','미나리나물_2.png');
Insert into FINALPRO.INGREDIENTS (IN_NO,IN_NAME,IN_TYPE,IN_GRAM,IN_CREATEDATE,STATUS,IN_ORIGINALFILE,IN_RENAMEFILE) values (279,'소고기메추리알장조림','2_서브1',100,to_date('19/09/18','RR/MM/DD'),'Y','소고기메추리알장조림_2.png','소고기메추리알장조림_2.png');
Insert into FINALPRO.INGREDIENTS (IN_NO,IN_NAME,IN_TYPE,IN_GRAM,IN_CREATEDATE,STATUS,IN_ORIGINALFILE,IN_RENAMEFILE) values (280,'숙주나물','2_서브1',100,to_date('19/09/18','RR/MM/DD'),'Y','숙주나물_2.png','숙주나물_2.png');
Insert into FINALPRO.INGREDIENTS (IN_NO,IN_NAME,IN_TYPE,IN_GRAM,IN_CREATEDATE,STATUS,IN_ORIGINALFILE,IN_RENAMEFILE) values (281,'연근조림','2_서브1',100,to_date('19/09/18','RR/MM/DD'),'Y','연근조림_2.png','연근조림_2.png');
Insert into FINALPRO.INGREDIENTS (IN_NO,IN_NAME,IN_TYPE,IN_GRAM,IN_CREATEDATE,STATUS,IN_ORIGINALFILE,IN_RENAMEFILE) values (282,'콩나물','2_서브1',100,to_date('19/09/18','RR/MM/DD'),'Y','콩나물_2.png','콩나물_2.png');
Insert into FINALPRO.INGREDIENTS (IN_NO,IN_NAME,IN_TYPE,IN_GRAM,IN_CREATEDATE,STATUS,IN_ORIGINALFILE,IN_RENAMEFILE) values (283,'콩조림','2_서브1',100,to_date('19/09/18','RR/MM/DD'),'Y','콩조림_2.png','콩조림_2.png');
Insert into FINALPRO.INGREDIENTS (IN_NO,IN_NAME,IN_TYPE,IN_GRAM,IN_CREATEDATE,STATUS,IN_ORIGINALFILE,IN_RENAMEFILE) values (284,'파무침','2_서브1',100,to_date('19/09/18','RR/MM/DD'),'Y','파무침_2.png','파무침_2.png');
Insert into FINALPRO.INGREDIENTS (IN_NO,IN_NAME,IN_TYPE,IN_GRAM,IN_CREATEDATE,STATUS,IN_ORIGINALFILE,IN_RENAMEFILE) values (285,'김치볶음','3_서브2',30,to_date('19/09/18','RR/MM/DD'),'Y','김치볶음_3.png','김치볶음_3.png');
Insert into FINALPRO.INGREDIENTS (IN_NO,IN_NAME,IN_TYPE,IN_GRAM,IN_CREATEDATE,STATUS,IN_ORIGINALFILE,IN_RENAMEFILE) values (286,'깍두기','3_서브2',30,to_date('19/09/18','RR/MM/DD'),'Y','깍두기_3.png','깍두기_3.png');
Insert into FINALPRO.INGREDIENTS (IN_NO,IN_NAME,IN_TYPE,IN_GRAM,IN_CREATEDATE,STATUS,IN_ORIGINALFILE,IN_RENAMEFILE) values (287,'무말랭이무침','3_서브2',30,to_date('19/09/18','RR/MM/DD'),'Y','무말랭이무침_3.png','무말랭이무침_3.png');
Insert into FINALPRO.INGREDIENTS (IN_NO,IN_NAME,IN_TYPE,IN_GRAM,IN_CREATEDATE,STATUS,IN_ORIGINALFILE,IN_RENAMEFILE) values (288,'미역초무침','3_서브2',30,to_date('19/09/18','RR/MM/DD'),'Y','미역초무침_3.png','미역초무침_3.png');
Insert into FINALPRO.INGREDIENTS (IN_NO,IN_NAME,IN_TYPE,IN_GRAM,IN_CREATEDATE,STATUS,IN_ORIGINALFILE,IN_RENAMEFILE) values (289,'배추김치','3_서브2',30,to_date('19/09/18','RR/MM/DD'),'Y','배추김치_3.png','배추김치_3.png');
Insert into FINALPRO.INGREDIENTS (IN_NO,IN_NAME,IN_TYPE,IN_GRAM,IN_CREATEDATE,STATUS,IN_ORIGINALFILE,IN_RENAMEFILE) values (290,'시금치나물','3_서브2',30,to_date('19/09/18','RR/MM/DD'),'Y','시금치나물_3.png','시금치나물_3.png');
Insert into FINALPRO.INGREDIENTS (IN_NO,IN_NAME,IN_TYPE,IN_GRAM,IN_CREATEDATE,STATUS,IN_ORIGINALFILE,IN_RENAMEFILE) values (291,'열무김치','3_서브2',30,to_date('19/09/18','RR/MM/DD'),'Y','열무김치_3.png','열무김치_3.png');
Insert into FINALPRO.INGREDIENTS (IN_NO,IN_NAME,IN_TYPE,IN_GRAM,IN_CREATEDATE,STATUS,IN_ORIGINALFILE,IN_RENAMEFILE) values (292,'오이소박이','3_서브2',30,to_date('19/09/18','RR/MM/DD'),'Y','오이소박이_3.png','오이소박이_3.png');
Insert into FINALPRO.INGREDIENTS (IN_NO,IN_NAME,IN_TYPE,IN_GRAM,IN_CREATEDATE,STATUS,IN_ORIGINALFILE,IN_RENAMEFILE) values (293,'갈치구이','4_메인',130,to_date('19/09/18','RR/MM/DD'),'Y','갈치구이_4.png','갈치구이_4.png');
Insert into FINALPRO.INGREDIENTS (IN_NO,IN_NAME,IN_TYPE,IN_GRAM,IN_CREATEDATE,STATUS,IN_ORIGINALFILE,IN_RENAMEFILE) values (294,'낙지볶음','4_메인',130,to_date('19/09/18','RR/MM/DD'),'Y','낙지볶음_4.png','낙지볶음_4.png');
Insert into FINALPRO.INGREDIENTS (IN_NO,IN_NAME,IN_TYPE,IN_GRAM,IN_CREATEDATE,STATUS,IN_ORIGINALFILE,IN_RENAMEFILE) values (295,'닭갈비','4_메인',130,to_date('19/09/18','RR/MM/DD'),'Y','닭갈비_4.png','닭갈비_4.png');
Insert into FINALPRO.INGREDIENTS (IN_NO,IN_NAME,IN_TYPE,IN_GRAM,IN_CREATEDATE,STATUS,IN_ORIGINALFILE,IN_RENAMEFILE) values (296,'닭강정','4_메인',130,to_date('19/09/18','RR/MM/DD'),'Y','닭강정_4.png','닭강정_4.png');
Insert into FINALPRO.INGREDIENTS (IN_NO,IN_NAME,IN_TYPE,IN_GRAM,IN_CREATEDATE,STATUS,IN_ORIGINALFILE,IN_RENAMEFILE) values (297,'돈까스','4_메인',130,to_date('19/09/18','RR/MM/DD'),'Y','돈까스_4.png','돈까스_4.png');
Insert into FINALPRO.INGREDIENTS (IN_NO,IN_NAME,IN_TYPE,IN_GRAM,IN_CREATEDATE,STATUS,IN_ORIGINALFILE,IN_RENAMEFILE) values (298,'돼지갈비','4_메인',130,to_date('19/09/18','RR/MM/DD'),'Y','돼지갈비_4.png','돼지갈비_4.png');
Insert into FINALPRO.INGREDIENTS (IN_NO,IN_NAME,IN_TYPE,IN_GRAM,IN_CREATEDATE,STATUS,IN_ORIGINALFILE,IN_RENAMEFILE) values (299,'돼지고기볶음','4_메인',130,to_date('19/09/18','RR/MM/DD'),'Y','돼지고기볶음_4.png','돼지고기볶음_4.png');
Insert into FINALPRO.INGREDIENTS (IN_NO,IN_NAME,IN_TYPE,IN_GRAM,IN_CREATEDATE,STATUS,IN_ORIGINALFILE,IN_RENAMEFILE) values (300,'떡갈비','4_메인',130,to_date('19/09/18','RR/MM/DD'),'Y','떡갈비_4.png','떡갈비_4.png');
Insert into FINALPRO.INGREDIENTS (IN_NO,IN_NAME,IN_TYPE,IN_GRAM,IN_CREATEDATE,STATUS,IN_ORIGINALFILE,IN_RENAMEFILE) values (301,'매운갈비찜','4_메인',130,to_date('19/09/18','RR/MM/DD'),'Y','매운갈비찜_4.png','매운갈비찜_4.png');
Insert into FINALPRO.INGREDIENTS (IN_NO,IN_NAME,IN_TYPE,IN_GRAM,IN_CREATEDATE,STATUS,IN_ORIGINALFILE,IN_RENAMEFILE) values (302,'생선까스','4_메인',130,to_date('19/09/18','RR/MM/DD'),'Y','생선까스_4.png','생선까스_4.png');
Insert into FINALPRO.INGREDIENTS (IN_NO,IN_NAME,IN_TYPE,IN_GRAM,IN_CREATEDATE,STATUS,IN_ORIGINALFILE,IN_RENAMEFILE) values (303,'소불고기','4_메인',130,to_date('19/09/18','RR/MM/DD'),'Y','소불고기_4.png','소불고기_4.png');
Insert into FINALPRO.INGREDIENTS (IN_NO,IN_NAME,IN_TYPE,IN_GRAM,IN_CREATEDATE,STATUS,IN_ORIGINALFILE,IN_RENAMEFILE) values (304,'소세지볶음','4_메인',130,to_date('19/09/18','RR/MM/DD'),'Y','소세지볶음_4.png','소세지볶음_4.png');
Insert into FINALPRO.INGREDIENTS (IN_NO,IN_NAME,IN_TYPE,IN_GRAM,IN_CREATEDATE,STATUS,IN_ORIGINALFILE,IN_RENAMEFILE) values (305,'순대볶음','4_메인',130,to_date('19/09/18','RR/MM/DD'),'Y','순대볶음_4.png','순대볶음_4.png');
Insert into FINALPRO.INGREDIENTS (IN_NO,IN_NAME,IN_TYPE,IN_GRAM,IN_CREATEDATE,STATUS,IN_ORIGINALFILE,IN_RENAMEFILE) values (306,'양념장어구이','4_메인',130,to_date('19/09/18','RR/MM/DD'),'Y','양념장어구이_4.png','양념장어구이_4.png');
Insert into FINALPRO.INGREDIENTS (IN_NO,IN_NAME,IN_TYPE,IN_GRAM,IN_CREATEDATE,STATUS,IN_ORIGINALFILE,IN_RENAMEFILE) values (307,'작화고등어구이','4_메인',130,to_date('19/09/18','RR/MM/DD'),'Y','작화고등어구이_4.png','작화고등어구이_4.png');
Insert into FINALPRO.INGREDIENTS (IN_NO,IN_NAME,IN_TYPE,IN_GRAM,IN_CREATEDATE,STATUS,IN_ORIGINALFILE,IN_RENAMEFILE) values (308,'탕수육','4_메인',130,to_date('19/09/18','RR/MM/DD'),'Y','탕수육_4.png','탕수육_4.png');
Insert into FINALPRO.INGREDIENTS (IN_NO,IN_NAME,IN_TYPE,IN_GRAM,IN_CREATEDATE,STATUS,IN_ORIGINALFILE,IN_RENAMEFILE) values (309,'훈제오리','4_메인',130,to_date('19/09/18','RR/MM/DD'),'Y','훈제오리_4.png','훈제오리_4.png');
Insert into FINALPRO.INGREDIENTS (IN_NO,IN_NAME,IN_TYPE,IN_GRAM,IN_CREATEDATE,STATUS,IN_ORIGINALFILE,IN_RENAMEFILE) values (310,'백미','5_밥',150,to_date('19/09/18','RR/MM/DD'),'Y','백미_5.png','백미_5.png');
Insert into FINALPRO.INGREDIENTS (IN_NO,IN_NAME,IN_TYPE,IN_GRAM,IN_CREATEDATE,STATUS,IN_ORIGINALFILE,IN_RENAMEFILE) values (311,'보리밥','5_밥',150,to_date('19/09/18','RR/MM/DD'),'Y','보리밥_5.png','보리밥_5.png');
Insert into FINALPRO.INGREDIENTS (IN_NO,IN_NAME,IN_TYPE,IN_GRAM,IN_CREATEDATE,STATUS,IN_ORIGINALFILE,IN_RENAMEFILE) values (312,'볶음밥','5_밥',150,to_date('19/09/18','RR/MM/DD'),'Y','볶음밥_5.png','볶음밥_5.png');
Insert into FINALPRO.INGREDIENTS (IN_NO,IN_NAME,IN_TYPE,IN_GRAM,IN_CREATEDATE,STATUS,IN_ORIGINALFILE,IN_RENAMEFILE) values (313,'비빔밥','5_밥',150,to_date('19/09/18','RR/MM/DD'),'Y','비빔밥_5.png','비빔밥_5.png');
Insert into FINALPRO.INGREDIENTS (IN_NO,IN_NAME,IN_TYPE,IN_GRAM,IN_CREATEDATE,STATUS,IN_ORIGINALFILE,IN_RENAMEFILE) values (314,'새우볶음밥','5_밥',150,to_date('19/09/18','RR/MM/DD'),'Y','새우볶음밥_5.png','새우볶음밥_5.png');
Insert into FINALPRO.INGREDIENTS (IN_NO,IN_NAME,IN_TYPE,IN_GRAM,IN_CREATEDATE,STATUS,IN_ORIGINALFILE,IN_RENAMEFILE) values (315,'오곡밥','5_밥',150,to_date('19/09/18','RR/MM/DD'),'Y','오곡밥_5.png','오곡밥_5.png');
Insert into FINALPRO.INGREDIENTS (IN_NO,IN_NAME,IN_TYPE,IN_GRAM,IN_CREATEDATE,STATUS,IN_ORIGINALFILE,IN_RENAMEFILE) values (316,'갈치구이','6_메인',130,to_date('19/09/18','RR/MM/DD'),'Y','갈치구이_6.png','갈치구이_6.png');
Insert into FINALPRO.INGREDIENTS (IN_NO,IN_NAME,IN_TYPE,IN_GRAM,IN_CREATEDATE,STATUS,IN_ORIGINALFILE,IN_RENAMEFILE) values (317,'낙지볶음','6_메인',130,to_date('19/09/18','RR/MM/DD'),'Y','낙지볶음_6.png','낙지볶음_6.png');
Insert into FINALPRO.INGREDIENTS (IN_NO,IN_NAME,IN_TYPE,IN_GRAM,IN_CREATEDATE,STATUS,IN_ORIGINALFILE,IN_RENAMEFILE) values (318,'닭갈비','6_메인',130,to_date('19/09/18','RR/MM/DD'),'Y','닭갈비_6.png','닭갈비_6.png');
Insert into FINALPRO.INGREDIENTS (IN_NO,IN_NAME,IN_TYPE,IN_GRAM,IN_CREATEDATE,STATUS,IN_ORIGINALFILE,IN_RENAMEFILE) values (319,'닭강정','6_메인',130,to_date('19/09/18','RR/MM/DD'),'Y','닭강정_6.png','닭강정_6.png');
Insert into FINALPRO.INGREDIENTS (IN_NO,IN_NAME,IN_TYPE,IN_GRAM,IN_CREATEDATE,STATUS,IN_ORIGINALFILE,IN_RENAMEFILE) values (320,'돈까스','6_메인',130,to_date('19/09/18','RR/MM/DD'),'Y','돈까스_6.png','돈까스_6.png');
Insert into FINALPRO.INGREDIENTS (IN_NO,IN_NAME,IN_TYPE,IN_GRAM,IN_CREATEDATE,STATUS,IN_ORIGINALFILE,IN_RENAMEFILE) values (321,'돼지갈비','6_메인',130,to_date('19/09/18','RR/MM/DD'),'Y','돼지갈비_6.png','돼지갈비_6.png');
Insert into FINALPRO.INGREDIENTS (IN_NO,IN_NAME,IN_TYPE,IN_GRAM,IN_CREATEDATE,STATUS,IN_ORIGINALFILE,IN_RENAMEFILE) values (322,'돼지고기볶음','6_메인',130,to_date('19/09/18','RR/MM/DD'),'Y','돼지고기볶음_6.png','돼지고기볶음_6.png');
Insert into FINALPRO.INGREDIENTS (IN_NO,IN_NAME,IN_TYPE,IN_GRAM,IN_CREATEDATE,STATUS,IN_ORIGINALFILE,IN_RENAMEFILE) values (323,'떡갈비','6_메인',130,to_date('19/09/18','RR/MM/DD'),'Y','떡갈비_6.png','떡갈비_6.png');
Insert into FINALPRO.INGREDIENTS (IN_NO,IN_NAME,IN_TYPE,IN_GRAM,IN_CREATEDATE,STATUS,IN_ORIGINALFILE,IN_RENAMEFILE) values (324,'매운갈비찜','6_메인',130,to_date('19/09/18','RR/MM/DD'),'Y','매운갈비찜_6.png','매운갈비찜_6.png');
Insert into FINALPRO.INGREDIENTS (IN_NO,IN_NAME,IN_TYPE,IN_GRAM,IN_CREATEDATE,STATUS,IN_ORIGINALFILE,IN_RENAMEFILE) values (325,'생선까스','6_메인',130,to_date('19/09/18','RR/MM/DD'),'Y','생선까스_6.png','생선까스_6.png');
Insert into FINALPRO.INGREDIENTS (IN_NO,IN_NAME,IN_TYPE,IN_GRAM,IN_CREATEDATE,STATUS,IN_ORIGINALFILE,IN_RENAMEFILE) values (326,'소불고기','6_메인',130,to_date('19/09/18','RR/MM/DD'),'Y','소불고기_6.png','소불고기_6.png');
Insert into FINALPRO.INGREDIENTS (IN_NO,IN_NAME,IN_TYPE,IN_GRAM,IN_CREATEDATE,STATUS,IN_ORIGINALFILE,IN_RENAMEFILE) values (327,'소세지볶음','6_메인',130,to_date('19/09/18','RR/MM/DD'),'Y','소세지볶음_6.png','소세지볶음_6.png');
Insert into FINALPRO.INGREDIENTS (IN_NO,IN_NAME,IN_TYPE,IN_GRAM,IN_CREATEDATE,STATUS,IN_ORIGINALFILE,IN_RENAMEFILE) values (328,'순대볶음','6_메인',130,to_date('19/09/18','RR/MM/DD'),'Y','순대볶음_6.png','순대볶음_6.png');
Insert into FINALPRO.INGREDIENTS (IN_NO,IN_NAME,IN_TYPE,IN_GRAM,IN_CREATEDATE,STATUS,IN_ORIGINALFILE,IN_RENAMEFILE) values (329,'양념장어구이','6_메인',130,to_date('19/09/18','RR/MM/DD'),'Y','양념장어구이_6.png','양념장어구이_6.png');
Insert into FINALPRO.INGREDIENTS (IN_NO,IN_NAME,IN_TYPE,IN_GRAM,IN_CREATEDATE,STATUS,IN_ORIGINALFILE,IN_RENAMEFILE) values (330,'작화고등어구이','6_메인',130,to_date('19/09/18','RR/MM/DD'),'Y','작화고등어구이_6.png','작화고등어구이_6.png');
Insert into FINALPRO.INGREDIENTS (IN_NO,IN_NAME,IN_TYPE,IN_GRAM,IN_CREATEDATE,STATUS,IN_ORIGINALFILE,IN_RENAMEFILE) values (331,'탕수육','6_메인',130,to_date('19/09/18','RR/MM/DD'),'Y','탕수육_6.png','탕수육_6.png');
Insert into FINALPRO.INGREDIENTS (IN_NO,IN_NAME,IN_TYPE,IN_GRAM,IN_CREATEDATE,STATUS,IN_ORIGINALFILE,IN_RENAMEFILE) values (332,'훈제오리','6_메인',130,to_date('19/09/18','RR/MM/DD'),'Y','훈제오리_6.png','훈제오리_6.png');
Insert into FINALPRO.INGREDIENTS (IN_NO,IN_NAME,IN_TYPE,IN_GRAM,IN_CREATEDATE,STATUS,IN_ORIGINALFILE,IN_RENAMEFILE) values (333,'감자볶음','7_서브1',100,to_date('19/09/18','RR/MM/DD'),'Y','감자볶음_7.png','감자볶음_7.png');
Insert into FINALPRO.INGREDIENTS (IN_NO,IN_NAME,IN_TYPE,IN_GRAM,IN_CREATEDATE,STATUS,IN_ORIGINALFILE,IN_RENAMEFILE) values (334,'고사리나물','7_서브1',100,to_date('19/09/18','RR/MM/DD'),'Y','고사리나물_7.png','고사리나물_7.png');
Insert into FINALPRO.INGREDIENTS (IN_NO,IN_NAME,IN_TYPE,IN_GRAM,IN_CREATEDATE,STATUS,IN_ORIGINALFILE,IN_RENAMEFILE) values (335,'깻잎나물볶음','7_서브1',100,to_date('19/09/18','RR/MM/DD'),'Y','깻잎나물볶음_7.png','깻잎나물볶음_7.png');
Insert into FINALPRO.INGREDIENTS (IN_NO,IN_NAME,IN_TYPE,IN_GRAM,IN_CREATEDATE,STATUS,IN_ORIGINALFILE,IN_RENAMEFILE) values (336,'느티버섯','7_서브1',100,to_date('19/09/18','RR/MM/DD'),'Y','느티버섯_7.png','느티버섯_7.png');
Insert into FINALPRO.INGREDIENTS (IN_NO,IN_NAME,IN_TYPE,IN_GRAM,IN_CREATEDATE,STATUS,IN_ORIGINALFILE,IN_RENAMEFILE) values (337,'도토리묵','7_서브1',100,to_date('19/09/18','RR/MM/DD'),'Y','도토리묵_7.png','도토리묵_7.png');
Insert into FINALPRO.INGREDIENTS (IN_NO,IN_NAME,IN_TYPE,IN_GRAM,IN_CREATEDATE,STATUS,IN_ORIGINALFILE,IN_RENAMEFILE) values (338,'멸치풋고추볶음','7_서브1',100,to_date('19/09/18','RR/MM/DD'),'Y','멸치풋고추볶음_7.png','멸치풋고추볶음_7.png');
Insert into FINALPRO.INGREDIENTS (IN_NO,IN_NAME,IN_TYPE,IN_GRAM,IN_CREATEDATE,STATUS,IN_ORIGINALFILE,IN_RENAMEFILE) values (339,'미나리나물','7_서브1',100,to_date('19/09/18','RR/MM/DD'),'Y','미나리나물_7.png','미나리나물_7.png');
Insert into FINALPRO.INGREDIENTS (IN_NO,IN_NAME,IN_TYPE,IN_GRAM,IN_CREATEDATE,STATUS,IN_ORIGINALFILE,IN_RENAMEFILE) values (340,'소고기메추리알장조림','7_서브1',100,to_date('19/09/18','RR/MM/DD'),'Y','소고기메추리알장조림_7.png','소고기메추리알장조림_7.png');
Insert into FINALPRO.INGREDIENTS (IN_NO,IN_NAME,IN_TYPE,IN_GRAM,IN_CREATEDATE,STATUS,IN_ORIGINALFILE,IN_RENAMEFILE) values (341,'숙주나물','7_서브1',100,to_date('19/09/18','RR/MM/DD'),'Y','숙주나물_7.png','숙주나물_7.png');
Insert into FINALPRO.INGREDIENTS (IN_NO,IN_NAME,IN_TYPE,IN_GRAM,IN_CREATEDATE,STATUS,IN_ORIGINALFILE,IN_RENAMEFILE) values (342,'연근조림','7_서브1',100,to_date('19/09/18','RR/MM/DD'),'Y','연근조림_7.png','연근조림_7.png');
Insert into FINALPRO.INGREDIENTS (IN_NO,IN_NAME,IN_TYPE,IN_GRAM,IN_CREATEDATE,STATUS,IN_ORIGINALFILE,IN_RENAMEFILE) values (343,'콩나물','7_서브1',100,to_date('19/09/18','RR/MM/DD'),'Y','콩나물_7.png','콩나물_7.png');
Insert into FINALPRO.INGREDIENTS (IN_NO,IN_NAME,IN_TYPE,IN_GRAM,IN_CREATEDATE,STATUS,IN_ORIGINALFILE,IN_RENAMEFILE) values (344,'콩조림','7_서브1',100,to_date('19/09/18','RR/MM/DD'),'Y','콩조림_7.png','콩조림_7.png');
Insert into FINALPRO.INGREDIENTS (IN_NO,IN_NAME,IN_TYPE,IN_GRAM,IN_CREATEDATE,STATUS,IN_ORIGINALFILE,IN_RENAMEFILE) values (345,'파무침','7_서브1',100,to_date('19/09/18','RR/MM/DD'),'Y','파무침_7.png','파무침_7.png');
Insert into FINALPRO.INGREDIENTS (IN_NO,IN_NAME,IN_TYPE,IN_GRAM,IN_CREATEDATE,STATUS,IN_ORIGINALFILE,IN_RENAMEFILE) values (346,'김치볶음','8_서브2',30,to_date('19/09/18','RR/MM/DD'),'Y','김치볶음_8.png','김치볶음_8.png');
Insert into FINALPRO.INGREDIENTS (IN_NO,IN_NAME,IN_TYPE,IN_GRAM,IN_CREATEDATE,STATUS,IN_ORIGINALFILE,IN_RENAMEFILE) values (347,'깍두기','8_서브2',30,to_date('19/09/18','RR/MM/DD'),'Y','깍두기_8.png','깍두기_8.png');
Insert into FINALPRO.INGREDIENTS (IN_NO,IN_NAME,IN_TYPE,IN_GRAM,IN_CREATEDATE,STATUS,IN_ORIGINALFILE,IN_RENAMEFILE) values (348,'무말랭이무침','8_서브2',30,to_date('19/09/18','RR/MM/DD'),'Y','무말랭이무침_8.png','무말랭이무침_8.png');
Insert into FINALPRO.INGREDIENTS (IN_NO,IN_NAME,IN_TYPE,IN_GRAM,IN_CREATEDATE,STATUS,IN_ORIGINALFILE,IN_RENAMEFILE) values (349,'미역초무침','8_서브2',30,to_date('19/09/18','RR/MM/DD'),'Y','미역초무침_8.png','미역초무침_8.png');
Insert into FINALPRO.INGREDIENTS (IN_NO,IN_NAME,IN_TYPE,IN_GRAM,IN_CREATEDATE,STATUS,IN_ORIGINALFILE,IN_RENAMEFILE) values (350,'배추김치','8_서브2',30,to_date('19/09/18','RR/MM/DD'),'Y','배추김치_8.png','배추김치_8.png');
Insert into FINALPRO.INGREDIENTS (IN_NO,IN_NAME,IN_TYPE,IN_GRAM,IN_CREATEDATE,STATUS,IN_ORIGINALFILE,IN_RENAMEFILE) values (351,'시금치나물','8_서브2',30,to_date('19/09/18','RR/MM/DD'),'Y','시금치나물_8.png','시금치나물_8.png');
Insert into FINALPRO.INGREDIENTS (IN_NO,IN_NAME,IN_TYPE,IN_GRAM,IN_CREATEDATE,STATUS,IN_ORIGINALFILE,IN_RENAMEFILE) values (352,'열무김치','8_서브2',30,to_date('19/09/18','RR/MM/DD'),'Y','열무김치_8.png','열무김치_8.png');
Insert into FINALPRO.INGREDIENTS (IN_NO,IN_NAME,IN_TYPE,IN_GRAM,IN_CREATEDATE,STATUS,IN_ORIGINALFILE,IN_RENAMEFILE) values (353,'오이소박이','8_서브2',30,to_date('19/09/18','RR/MM/DD'),'Y','오이소박이_8.png','오이소박이_8.png');
Insert into FINALPRO.INGREDIENTS (IN_NO,IN_NAME,IN_TYPE,IN_GRAM,IN_CREATEDATE,STATUS,IN_ORIGINALFILE,IN_RENAMEFILE) values (354,'김치국','9_수프',80,to_date('19/09/18','RR/MM/DD'),'Y','김치국_9.png','김치국_9.png');
Insert into FINALPRO.INGREDIENTS (IN_NO,IN_NAME,IN_TYPE,IN_GRAM,IN_CREATEDATE,STATUS,IN_ORIGINALFILE,IN_RENAMEFILE) values (355,'된장국','9_수프',80,to_date('19/09/18','RR/MM/DD'),'Y','된장국_9.png','된장국_9.png');
Insert into FINALPRO.INGREDIENTS (IN_NO,IN_NAME,IN_TYPE,IN_GRAM,IN_CREATEDATE,STATUS,IN_ORIGINALFILE,IN_RENAMEFILE) values (356,'미역국','9_수프',80,to_date('19/09/18','RR/MM/DD'),'Y','미역국_9.png','미역국_9.png');
Insert into FINALPRO.INGREDIENTS (IN_NO,IN_NAME,IN_TYPE,IN_GRAM,IN_CREATEDATE,STATUS,IN_ORIGINALFILE,IN_RENAMEFILE) values (357,'콩나물국','9_수프',80,to_date('19/09/18','RR/MM/DD'),'Y','콩나물국_9.png','콩나물국_9.png');
Insert into FINALPRO.INGREDIENTS (IN_NO,IN_NAME,IN_TYPE,IN_GRAM,IN_CREATEDATE,STATUS,IN_ORIGINALFILE,IN_RENAMEFILE) values (358,'건새우볶음','7_서브1',100,to_date('19/09/18','RR/MM/DD'),'Y','건새우볶음_7.png','건새우볶음_7.png');
REM INSERTING into FINALPRO.LBOTM
SET DEFINE OFF;
REM INSERTING into FINALPRO.LBOTMCOMMENTS
SET DEFINE OFF;
Insert into FINALPRO.LBOTMCOMMENTS (LBOTM_NO,BNO,USERID,LBOTM_DATE,LBOTM_STATUS,NICKNAME) values (1,29,'star123',to_date('19/09/24','RR/MM/DD'),'Y',null);
Insert into FINALPRO.LBOTMCOMMENTS (LBOTM_NO,BNO,USERID,LBOTM_DATE,LBOTM_STATUS,NICKNAME) values (1,29,'star123',to_date('19/09/24','RR/MM/DD'),'Y',null);
REM INSERTING into FINALPRO.MBLRECIPE
SET DEFINE OFF;
Insert into FINALPRO.MBLRECIPE (MBL_ID,MBL_TITLE,USERID,NUMBERS,MBL_FILENAME,MBL_CREATEDATE,MBL_TYPE,STATUS) values (1,'김원섭 도시락1','kysub8614','269/309/284/292','59c64e68-2a24-44ce-8bf2-954916d5af45.png',to_date('19/09/22','RR/MM/DD'),'4찬','Y');
Insert into FINALPRO.MBLRECIPE (MBL_ID,MBL_TITLE,USERID,NUMBERS,MBL_FILENAME,MBL_CREATEDATE,MBL_TYPE,STATUS) values (2,'도시락 맛있게 만듬','kysub8614','313/357/332/358/353','4004b5dd-29af-43d3-a19f-5c525288c8c3.png',to_date('19/09/22','RR/MM/DD'),'5찬','Y');
Insert into FINALPRO.MBLRECIPE (MBL_ID,MBL_TITLE,USERID,NUMBERS,MBL_FILENAME,MBL_CREATEDATE,MBL_TYPE,STATUS) values (3,'김원섭짱짱맨','kysub8614','270/309/284/291','8f435bc8-e2c6-4ca9-bbd6-cd489f074420.png',to_date('19/09/22','RR/MM/DD'),'4찬','Y');
Insert into FINALPRO.MBLRECIPE (MBL_ID,MBL_TITLE,USERID,NUMBERS,MBL_FILENAME,MBL_CREATEDATE,MBL_TYPE,STATUS) values (4,'원섭이의 JMT도시락','kysub8614','313/355/331/344/346','e5175fc0-46ea-4e08-b6fa-5109e066a5f7.png',to_date('19/09/22','RR/MM/DD'),'5찬','Y');
Insert into FINALPRO.MBLRECIPE (MBL_ID,MBL_TITLE,USERID,NUMBERS,MBL_FILENAME,MBL_CREATEDATE,MBL_TYPE,STATUS) values (41,'나만의 존맛도시락','ckc1234','269/303/278/285','faabd4bf-04cf-4dda-ace2-57d76e64b9e9.png',to_date('19/09/23','RR/MM/DD'),'4찬','Y');
Insert into FINALPRO.MBLRECIPE (MBL_ID,MBL_TITLE,USERID,NUMBERS,MBL_FILENAME,MBL_CREATEDATE,MBL_TYPE,STATUS) values (42,'오리훈제 JMT','ckc1234','314/355/332/358/348','ddf86c0b-26dd-4af5-98d4-1898597ee839.png',to_date('19/09/23','RR/MM/DD'),'5찬','Y');
Insert into FINALPRO.MBLRECIPE (MBL_ID,MBL_TITLE,USERID,NUMBERS,MBL_FILENAME,MBL_CREATEDATE,MBL_TYPE,STATUS) values (43,'노맛도시락','ckc1234','265/304/276/292','c73cfa0c-55a1-4e17-9679-a1caf1bf2884.png',to_date('19/09/23','RR/MM/DD'),'4찬','Y');
Insert into FINALPRO.MBLRECIPE (MBL_ID,MBL_TITLE,USERID,NUMBERS,MBL_FILENAME,MBL_CREATEDATE,MBL_TYPE,STATUS) values (44,'탕볶밥','jsh1234','267/308/281/291','90b903b5-47bc-4807-97ec-6af15ce6aaa1.png',to_date('19/09/23','RR/MM/DD'),'4찬','Y');
Insert into FINALPRO.MBLRECIPE (MBL_ID,MBL_TITLE,USERID,NUMBERS,MBL_FILENAME,MBL_CREATEDATE,MBL_TYPE,STATUS) values (45,'훈제JMT','jsh1234','311/354/332/345/352','599c9363-6df7-45d8-82c4-e1330edf3908.png',to_date('19/09/23','RR/MM/DD'),'5찬','Y');
Insert into FINALPRO.MBLRECIPE (MBL_ID,MBL_TITLE,USERID,NUMBERS,MBL_FILENAME,MBL_CREATEDATE,MBL_TYPE,STATUS) values (46,'스윙스의 돈까스','jsh1234','265/297/278/286','d40704ee-25eb-4f6e-aec0-2900e60991c4.png',to_date('19/09/23','RR/MM/DD'),'4찬','Y');
Insert into FINALPRO.MBLRECIPE (MBL_ID,MBL_TITLE,USERID,NUMBERS,MBL_FILENAME,MBL_CREATEDATE,MBL_TYPE,STATUS) values (47,'콩밥 건강식','jsh1234','270/293/283/292','8482b516-9cca-4207-8a4e-abb2d0d91196.png',to_date('19/09/23','RR/MM/DD'),'4찬','Y');
Insert into FINALPRO.MBLRECIPE (MBL_ID,MBL_TITLE,USERID,NUMBERS,MBL_FILENAME,MBL_CREATEDATE,MBL_TYPE,STATUS) values (48,'닭강정 JMT 도시락','ldw1234','265/296/282/285','8b279a07-5ade-4adc-a1db-75316ed60634.png',to_date('19/09/23','RR/MM/DD'),'4찬','Y');
Insert into FINALPRO.MBLRECIPE (MBL_ID,MBL_TITLE,USERID,NUMBERS,MBL_FILENAME,MBL_CREATEDATE,MBL_TYPE,STATUS) values (49,'매운갈비찜찜','ldw1234','314/356/324/345/352','f7aa2ebf-273e-43b8-9d69-e460d4ea4de6.png',to_date('19/09/23','RR/MM/DD'),'5찬','Y');
Insert into FINALPRO.MBLRECIPE (MBL_ID,MBL_TITLE,USERID,NUMBERS,MBL_FILENAME,MBL_CREATEDATE,MBL_TYPE,STATUS) values (50,'낙볶진리 도시락','ldw1234','266/294/276/290','605cf1f4-1c8e-46c6-a4fa-7fbf70d3716c.png',to_date('19/09/23','RR/MM/DD'),'4찬','Y');
Insert into FINALPRO.MBLRECIPE (MBL_ID,MBL_TITLE,USERID,NUMBERS,MBL_FILENAME,MBL_CREATEDATE,MBL_TYPE,STATUS) values (51,'든든 한끼 도시락','ldw1234','310/356/332/343/352','64fa17d1-0d35-4ce5-8ed5-1c0ed9bec796.png',to_date('19/09/23','RR/MM/DD'),'5찬','Y');
Insert into FINALPRO.MBLRECIPE (MBL_ID,MBL_TITLE,USERID,NUMBERS,MBL_FILENAME,MBL_CREATEDATE,MBL_TYPE,STATUS) values (52,'든든한끼 푸짐 도시락','star123','268/307/279/289','b657709d-7725-4548-9132-1781eafaadbe.png',to_date('19/09/23','RR/MM/DD'),'4찬','Y');
Insert into FINALPRO.MBLRECIPE (MBL_ID,MBL_TITLE,USERID,NUMBERS,MBL_FILENAME,MBL_CREATEDATE,MBL_TYPE,STATUS) values (53,'소시지 도시락','star123','266/304/281/291','088c1994-266e-4a49-be0c-0fe80f750a98.png',to_date('19/09/23','RR/MM/DD'),'4찬','Y');
Insert into FINALPRO.MBLRECIPE (MBL_ID,MBL_TITLE,USERID,NUMBERS,MBL_FILENAME,MBL_CREATEDATE,MBL_TYPE,STATUS) values (54,'장어 JMT','star123','269/306/274/287','d4cbf24a-52bd-4183-81e4-2fdcc87f409c.png',to_date('19/09/23','RR/MM/DD'),'4찬','Y');
Insert into FINALPRO.MBLRECIPE (MBL_ID,MBL_TITLE,USERID,NUMBERS,MBL_FILENAME,MBL_CREATEDATE,MBL_TYPE,STATUS) values (55,'새우탕수 도시락','ckc1234','269/308/283/292','58ee8739-5ff7-43b7-a50d-b14c15834f3e.png',to_date('19/09/23','RR/MM/DD'),'4찬','N');
Insert into FINALPRO.MBLRECIPE (MBL_ID,MBL_TITLE,USERID,NUMBERS,MBL_FILENAME,MBL_CREATEDATE,MBL_TYPE,STATUS) values (56,'돼지갈비정식','ckc1234','265/298/284/289','f56c1b71-d7e7-4ba8-9c38-c0a46f713321.png',to_date('19/09/23','RR/MM/DD'),'4찬','Y');
Insert into FINALPRO.MBLRECIPE (MBL_ID,MBL_TITLE,USERID,NUMBERS,MBL_FILENAME,MBL_CREATEDATE,MBL_TYPE,STATUS) values (57,'볶음순대','ckc1234','267/305/284/292','a1473135-e611-4ba7-b356-0cefed6128da.png',to_date('19/09/23','RR/MM/DD'),'4찬','Y');
Insert into FINALPRO.MBLRECIPE (MBL_ID,MBL_TITLE,USERID,NUMBERS,MBL_FILENAME,MBL_CREATEDATE,MBL_TYPE,STATUS) values (58,'오리훈제는 진리','ckc1234','269/309/284/291','ffe71342-0374-4286-b81a-771ee6bf4b99.png',to_date('19/09/23','RR/MM/DD'),'4찬','N');
Insert into FINALPRO.MBLRECIPE (MBL_ID,MBL_TITLE,USERID,NUMBERS,MBL_FILENAME,MBL_CREATEDATE,MBL_TYPE,STATUS) values (59,'탕수볶음밥','ckc1234','267/308/284/292','4499297d-755c-4511-9369-d839929fb520.png',to_date('19/09/23','RR/MM/DD'),'4찬','Y');
Insert into FINALPRO.MBLRECIPE (MBL_ID,MBL_TITLE,USERID,NUMBERS,MBL_FILENAME,MBL_CREATEDATE,MBL_TYPE,STATUS) values (60,'생일상','ckc1234','310/356/332/344/350','dcc57e3e-11be-4a84-b0bf-f4f7e233dc8f.png',to_date('19/09/23','RR/MM/DD'),'5찬','Y');
Insert into FINALPRO.MBLRECIPE (MBL_ID,MBL_TITLE,USERID,NUMBERS,MBL_FILENAME,MBL_CREATEDATE,MBL_TYPE,STATUS) values (61,'어린이 입맛 도시락','ckc1234','266/304/282/289','90dc88fa-1e99-4d9f-89c6-140433a8d2ca.png',to_date('19/09/23','RR/MM/DD'),'4찬','Y');
Insert into FINALPRO.MBLRECIPE (MBL_ID,MBL_TITLE,USERID,NUMBERS,MBL_FILENAME,MBL_CREATEDATE,MBL_TYPE,STATUS) values (62,'비빔탕수육','ckc1234','268/308/283/291','74fb99c6-6b17-4de2-900a-7a96a6580caa.png',to_date('19/09/23','RR/MM/DD'),'4찬','Y');
Insert into FINALPRO.MBLRECIPE (MBL_ID,MBL_TITLE,USERID,NUMBERS,MBL_FILENAME,MBL_CREATEDATE,MBL_TYPE,STATUS) values (63,'오리훈제 비빔밥 도시락','ckc1234','268/309/283/289','3e15f29d-167c-4e7c-966d-b377dc299bfe.png',to_date('19/09/23','RR/MM/DD'),'4찬','Y');
Insert into FINALPRO.MBLRECIPE (MBL_ID,MBL_TITLE,USERID,NUMBERS,MBL_FILENAME,MBL_CREATEDATE,MBL_TYPE,STATUS) values (64,'새볶밥and오리훈제JMT','ckc1234','269/309/278/292','753b0992-a738-4dde-b3cd-045ce5df0a3f.png',to_date('19/09/23','RR/MM/DD'),'4찬','Y');
Insert into FINALPRO.MBLRECIPE (MBL_ID,MBL_TITLE,USERID,NUMBERS,MBL_FILENAME,MBL_CREATEDATE,MBL_TYPE,STATUS) values (65,'경천 꿀맛 도시락','ckc1234','268/307/282/286','dbd5488a-51a4-4163-90b1-5590afa5ff28.png',to_date('19/09/23','RR/MM/DD'),'4찬','Y');
Insert into FINALPRO.MBLRECIPE (MBL_ID,MBL_TITLE,USERID,NUMBERS,MBL_FILENAME,MBL_CREATEDATE,MBL_TYPE,STATUS) values (66,'ckc1234님이 만드신 나만의 도시락 입니다.(20190923 11:38:36)','ckc1234','270/308/283/290','6f4e7839-69b6-4fe0-800a-c565acc84019.png',to_date('19/09/23','RR/MM/DD'),'4찬','Y');
Insert into FINALPRO.MBLRECIPE (MBL_ID,MBL_TITLE,USERID,NUMBERS,MBL_FILENAME,MBL_CREATEDATE,MBL_TYPE,STATUS) values (67,'ckc1234님이 만드신 나만의 도시락 입니다.(20190923 12:14:24)','ckc1234','270/308/283/291','64bd6acd-fe54-4bf5-854c-9c0790b410d2.png',to_date('19/09/23','RR/MM/DD'),'4찬','Y');
Insert into FINALPRO.MBLRECIPE (MBL_ID,MBL_TITLE,USERID,NUMBERS,MBL_FILENAME,MBL_CREATEDATE,MBL_TYPE,STATUS) values (68,'쌉노맛 도시락','ckc1234','267/308/281/291','7311db35-6f1d-4b89-9b1b-3617e3d656ce.png',to_date('19/09/23','RR/MM/DD'),'4찬','Y');
Insert into FINALPRO.MBLRECIPE (MBL_ID,MBL_TITLE,USERID,NUMBERS,MBL_FILENAME,MBL_CREATEDATE,MBL_TYPE,STATUS) values (69,'낙지 도시락','ckc1234','265/294/282/289','eff6ebe1-c1a2-4ce6-b0c2-a370ff3ef049.png',to_date('19/09/23','RR/MM/DD'),'4찬','Y');
Insert into FINALPRO.MBLRECIPE (MBL_ID,MBL_TITLE,USERID,NUMBERS,MBL_FILENAME,MBL_CREATEDATE,MBL_TYPE,STATUS) values (70,'장어밥','ckc1234','270/306/282/291','657cfa70-9e5b-4b31-9dd0-182847749df1.png',to_date('19/09/23','RR/MM/DD'),'4찬','Y');
Insert into FINALPRO.MBLRECIPE (MBL_ID,MBL_TITLE,USERID,NUMBERS,MBL_FILENAME,MBL_CREATEDATE,MBL_TYPE,STATUS) values (71,'kysub8614님이 만드신 나만의 도시락 입니다.(20190923 15:23:21)','kysub8614','270/308/283/291','738e1897-52e4-4444-8997-ed35209f27f3.png',to_date('19/09/23','RR/MM/DD'),'4찬','N');
Insert into FINALPRO.MBLRECIPE (MBL_ID,MBL_TITLE,USERID,NUMBERS,MBL_FILENAME,MBL_CREATEDATE,MBL_TYPE,STATUS) values (72,'새우 고등어','kysub8614','269/307/283/290','0ef82059-d921-48f4-92d1-2ab1e33691dd.png',to_date('19/09/23','RR/MM/DD'),'4찬','Y');
REM INSERTING into FINALPRO.MEMBER
SET DEFINE OFF;
Insert into FINALPRO.MEMBER (USERID,PASSWORD,NICKNAME,EMAIL,ADDRESS,PHONE,ENROLL_DATE,MODIFY_DATE,STATUS,USERNAME) values ('star123','$2a$10$0nJHoTLXFFsQdO.ya5Pgkuau9fYKzSReejG5RWht1ptzc/79M8k3O','잔꾀','star76855@naver.com','12748/경기 광주시 경충대로 1926 119/(탄벌동)/','01096313445',to_date('19/09/22','RR/MM/DD'),to_date('19/09/23','RR/MM/DD'),'Y','서재혁');
Insert into FINALPRO.MEMBER (USERID,PASSWORD,NICKNAME,EMAIL,ADDRESS,PHONE,ENROLL_DATE,MODIFY_DATE,STATUS,USERNAME) values ('ckc1234','$2a$10$CBEhNR7o/fz8OyniuBP2Ju0rMJT8gU6C07KdjDXvIjJA.Uo6IM0xy','최경천','ckc5749@naver.com','18365/경기 화성시 안녕동 106-3//','01091705749',to_date('19/09/22','RR/MM/DD'),to_date('19/09/22','RR/MM/DD'),'Y','최경천');
Insert into FINALPRO.MEMBER (USERID,PASSWORD,NICKNAME,EMAIL,ADDRESS,PHONE,ENROLL_DATE,MODIFY_DATE,STATUS,USERNAME) values ('ldw1234','$2a$10$FqL3sdE/ipvf8rEdwEtSrue1cD1fUYlJEfqJd/s1R1EWmlFy413PS','이동욱','leedu49@naver.com','23036/인천 강화군 강화읍 갑룡길 3//','01052857519',to_date('19/09/22','RR/MM/DD'),to_date('19/09/22','RR/MM/DD'),'Y','이동욱');
Insert into FINALPRO.MEMBER (USERID,PASSWORD,NICKNAME,EMAIL,ADDRESS,PHONE,ENROLL_DATE,MODIFY_DATE,STATUS,USERNAME) values ('jsh1234','$2a$10$itm4PssIZzbXKlvBKTi1pu1UCSRrv2PCul2CDg0YRDJQNHy8JYzmK','정성훈','blacklucky21@gmail.com','06115/서울 강남구 학동로20길 25-7/ (논현동, 숲 이야기)/','01089306714',to_date('19/09/22','RR/MM/DD'),to_date('19/09/22','RR/MM/DD'),'Y','정성훈');
Insert into FINALPRO.MEMBER (USERID,PASSWORD,NICKNAME,EMAIL,ADDRESS,PHONE,ENROLL_DATE,MODIFY_DATE,STATUS,USERNAME) values ('admin','$2a$10$ip.Tg9KO0mxkV5NtxQc7f.eCHYsQfytiKBqfhpH6g50RH73sn29A6','rosemary','rosemary4110@naver.com','06234/서울 강남구 테헤란로14길 6/ (역삼동)/KH 정보교육원 1관 3층 H강의장','01094688140',to_date('19/09/22','RR/MM/DD'),to_date('19/09/22','RR/MM/DD'),'Y','박신우');
Insert into FINALPRO.MEMBER (USERID,PASSWORD,NICKNAME,EMAIL,ADDRESS,PHONE,ENROLL_DATE,MODIFY_DATE,STATUS,USERNAME) values ('kysub8614','$2a$10$FRdU4rzbgzySKPceoumQPOi5uFf6jHIq2d4VgtRwznY3OMY9ry.Ja','김원섭','kysub8614@naver.com','13961/경기 안양시 만안구 경수대로 1193/ (석수동, 석수e-편한세상아파트)/108-801','01027068614',to_date('19/09/16','RR/MM/DD'),to_date('19/09/22','RR/MM/DD'),'Y','김원섭');
Insert into FINALPRO.MEMBER (USERID,PASSWORD,NICKNAME,EMAIL,ADDRESS,PHONE,ENROLL_DATE,MODIFY_DATE,STATUS,USERNAME) values ('ParkSinwoo','$2a$10$I7.0hq8aMOMixX5B0hIZ9.TK10MgHLfWYaBqwyoGYA7tAkMolKpSu','로즈마리','ewqewq@kh.com','06267/서울 강남구 강남대로 238/ (도곡동)/123213321','01033334444',to_date('19/09/23','RR/MM/DD'),to_date('19/09/23','RR/MM/DD'),'Y','신우쌤');
Insert into FINALPRO.MEMBER (USERID,PASSWORD,NICKNAME,EMAIL,ADDRESS,PHONE,ENROLL_DATE,MODIFY_DATE,STATUS,USERNAME) values ('ckc12345','$2a$10$cr6vNwfUbfSzgzAa0Qim.uU9qU3PPwIlz/d0/PujMglWhVBCOuh1.','asd','ckc5749@naver.com','18327/경기 화성시 고시길 26-10/ (안녕동)/안녕동1','asd',to_date('19/09/23','RR/MM/DD'),to_date('19/09/23','RR/MM/DD'),'Y','asd');
Insert into FINALPRO.MEMBER (USERID,PASSWORD,NICKNAME,EMAIL,ADDRESS,PHONE,ENROLL_DATE,MODIFY_DATE,STATUS,USERNAME) values ('wonjae11','$2a$10$DW9B6UgtitMuSqhEaBZw4.gWvqFA544m3vMWSIlnr0m./WQBcR2DO','짱임니당','wkddnjswo11@naver.com','24358/강원 춘천시 방송길 9/ (중앙로3가)/213','01051487073',to_date('19/09/23','RR/MM/DD'),to_date('19/09/23','RR/MM/DD'),'N','장원재');
Insert into FINALPRO.MEMBER (USERID,PASSWORD,NICKNAME,EMAIL,ADDRESS,PHONE,ENROLL_DATE,MODIFY_DATE,STATUS,USERNAME) values ('hyshys','$2a$10$4CtVV74tnLM1PhDyLvdkv.fzn8WlnL64VjmGTOwuuBhQww1XCuX3.','지나가는유저','ewqeqw@naver.com','13612/경기 성남시 분당구 정자동 137-6/우리집/1234','01088660033',to_date('19/09/23','RR/MM/DD'),to_date('19/09/23','RR/MM/DD'),'Y','hyshys');
Insert into FINALPRO.MEMBER (USERID,PASSWORD,NICKNAME,EMAIL,ADDRESS,PHONE,ENROLL_DATE,MODIFY_DATE,STATUS,USERNAME) values ('LeeDongWook','$2a$10$ex4az5QdVOJDhP7m4b/NNeEkhgAwKh1LD84WX.NUYCDJQ1rpnOmwG','니들이 게맛을알아?','ewqewq@naver.com','02873/서울 성북구 보문로 63/ (보문동5가)/북한사람','01033332222',to_date('19/09/24','RR/MM/DD'),to_date('19/09/24','RR/MM/DD'),'Y','동욱이');
REM INSERTING into FINALPRO.NOTICE
SET DEFINE OFF;
Insert into FINALPRO.NOTICE (NNO,ID,NTITLE,NCOUNT,STATUS,NDATE,MODIFY_DATE,NICKNAME) values (6,'admin','관리자 인사박습니다.',23,'Y',to_date('19/09/23','RR/MM/DD'),to_date('19/09/23','RR/MM/DD'),'rosemary');
Insert into FINALPRO.NOTICE (NNO,ID,NTITLE,NCOUNT,STATUS,NDATE,MODIFY_DATE,NICKNAME) values (1,'admin','1234',4,'Y',to_date('19/09/23','RR/MM/DD'),to_date('19/09/23','RR/MM/DD'),'rosemary');
Insert into FINALPRO.NOTICE (NNO,ID,NTITLE,NCOUNT,STATUS,NDATE,MODIFY_DATE,NICKNAME) values (7,'admin','옥동도시락 오픈 기념 행사',2,'Y',to_date('19/09/24','RR/MM/DD'),to_date('19/09/24','RR/MM/DD'),'rosemary');
Insert into FINALPRO.NOTICE (NNO,ID,NTITLE,NCOUNT,STATUS,NDATE,MODIFY_DATE,NICKNAME) values (8,'admin','옥동도시락 이용에 관한 안내',0,'Y',to_date('19/09/24','RR/MM/DD'),to_date('19/09/24','RR/MM/DD'),'rosemary');
Insert into FINALPRO.NOTICE (NNO,ID,NTITLE,NCOUNT,STATUS,NDATE,MODIFY_DATE,NICKNAME) values (9,'admin','택배비 안내',1,'Y',to_date('19/09/24','RR/MM/DD'),to_date('19/09/24','RR/MM/DD'),'rosemary');
Insert into FINALPRO.NOTICE (NNO,ID,NTITLE,NCOUNT,STATUS,NDATE,MODIFY_DATE,NICKNAME) values (10,'admin','안녕하세요 admin 입니다.',0,'Y',to_date('19/09/24','RR/MM/DD'),to_date('19/09/24','RR/MM/DD'),'rosemary');
Insert into FINALPRO.NOTICE (NNO,ID,NTITLE,NCOUNT,STATUS,NDATE,MODIFY_DATE,NICKNAME) values (11,'admin','도시락 자랑하기 이벤트!!',0,'Y',to_date('19/09/24','RR/MM/DD'),to_date('19/09/24','RR/MM/DD'),'rosemary');
Insert into FINALPRO.NOTICE (NNO,ID,NTITLE,NCOUNT,STATUS,NDATE,MODIFY_DATE,NICKNAME) values (12,'admin','나만의 도시락이 오픈하였습니다~',0,'Y',to_date('19/09/24','RR/MM/DD'),to_date('19/09/24','RR/MM/DD'),'rosemary');
Insert into FINALPRO.NOTICE (NNO,ID,NTITLE,NCOUNT,STATUS,NDATE,MODIFY_DATE,NICKNAME) values (13,'admin','9월24일 도시락 인기순위',0,'Y',to_date('19/09/24','RR/MM/DD'),to_date('19/09/24','RR/MM/DD'),'rosemary');
Insert into FINALPRO.NOTICE (NNO,ID,NTITLE,NCOUNT,STATUS,NDATE,MODIFY_DATE,NICKNAME) values (14,'admin','신상품 도시락 안내',0,'Y',to_date('19/09/24','RR/MM/DD'),to_date('19/09/24','RR/MM/DD'),'rosemary');
Insert into FINALPRO.NOTICE (NNO,ID,NTITLE,NCOUNT,STATUS,NDATE,MODIFY_DATE,NICKNAME) values (15,'admin','깜짝 퀴즈 이벤트!',0,'Y',to_date('19/09/24','RR/MM/DD'),to_date('19/09/24','RR/MM/DD'),'rosemary');
Insert into FINALPRO.NOTICE (NNO,ID,NTITLE,NCOUNT,STATUS,NDATE,MODIFY_DATE,NICKNAME) values (16,'admin','30일째 오픈 서비스 기념~',0,'Y',to_date('19/09/24','RR/MM/DD'),to_date('19/09/24','RR/MM/DD'),'rosemary');
Insert into FINALPRO.NOTICE (NNO,ID,NTITLE,NCOUNT,STATUS,NDATE,MODIFY_DATE,NICKNAME) values (17,'admin','단체주문 관련 안내',1,'Y',to_date('19/09/24','RR/MM/DD'),to_date('19/09/24','RR/MM/DD'),'rosemary');
REM INSERTING into FINALPRO.NOTICECOMMENTS
SET DEFINE OFF;
Insert into FINALPRO.NOTICECOMMENTS (COMMENTS_NO,NNO,USERID,COMMENTS_DATE,COMMENTS_STATUS,NICKNAME) values (1,21,'admin',to_date('19/09/23','RR/MM/DD'),'Y',null);
Insert into FINALPRO.NOTICECOMMENTS (COMMENTS_NO,NNO,USERID,COMMENTS_DATE,COMMENTS_STATUS,NICKNAME) values (2,1,'admin',to_date('19/09/23','RR/MM/DD'),'Y',null);
Insert into FINALPRO.NOTICECOMMENTS (COMMENTS_NO,NNO,USERID,COMMENTS_DATE,COMMENTS_STATUS,NICKNAME) values (3,1,'admin',to_date('19/09/23','RR/MM/DD'),'Y',null);
Insert into FINALPRO.NOTICECOMMENTS (COMMENTS_NO,NNO,USERID,COMMENTS_DATE,COMMENTS_STATUS,NICKNAME) values (4,1,'admin',to_date('19/09/23','RR/MM/DD'),'Y',null);
Insert into FINALPRO.NOTICECOMMENTS (COMMENTS_NO,NNO,USERID,COMMENTS_DATE,COMMENTS_STATUS,NICKNAME) values (5,6,'admin',to_date('19/09/23','RR/MM/DD'),'N',null);
Insert into FINALPRO.NOTICECOMMENTS (COMMENTS_NO,NNO,USERID,COMMENTS_DATE,COMMENTS_STATUS,NICKNAME) values (6,6,'star123',to_date('19/09/23','RR/MM/DD'),'Y',null);
Insert into FINALPRO.NOTICECOMMENTS (COMMENTS_NO,NNO,USERID,COMMENTS_DATE,COMMENTS_STATUS,NICKNAME) values (7,6,'ckc1234',to_date('19/09/23','RR/MM/DD'),'Y',null);
Insert into FINALPRO.NOTICECOMMENTS (COMMENTS_NO,NNO,USERID,COMMENTS_DATE,COMMENTS_STATUS,NICKNAME) values (8,6,'star123',to_date('19/09/23','RR/MM/DD'),'N',null);
Insert into FINALPRO.NOTICECOMMENTS (COMMENTS_NO,NNO,USERID,COMMENTS_DATE,COMMENTS_STATUS,NICKNAME) values (9,6,'admin',to_date('19/09/23','RR/MM/DD'),'N',null);
Insert into FINALPRO.NOTICECOMMENTS (COMMENTS_NO,NNO,USERID,COMMENTS_DATE,COMMENTS_STATUS,NICKNAME) values (10,6,'admin',to_date('19/09/23','RR/MM/DD'),'Y',null);
Insert into FINALPRO.NOTICECOMMENTS (COMMENTS_NO,NNO,USERID,COMMENTS_DATE,COMMENTS_STATUS,NICKNAME) values (11,6,'admin',to_date('19/09/23','RR/MM/DD'),'Y',null);
Insert into FINALPRO.NOTICECOMMENTS (COMMENTS_NO,NNO,USERID,COMMENTS_DATE,COMMENTS_STATUS,NICKNAME) values (12,6,'admin',to_date('19/09/23','RR/MM/DD'),'Y',null);
REM INSERTING into FINALPRO.PAYMENT
SET DEFINE OFF;
Insert into FINALPRO.PAYMENT (PAYNO,USERID,P_ID,PAYNAME,PAYPHONE,PAYCELLPHONE,PAYEMAIL,RECEIVERNAME,RECEIVERPHONE,RECEIVERCELLPHONE,PAYPRICE,ORDERMEMO,PAYDATE,DELIVARYDATE,PAYADDRESS,PSTATUS,PAYTEXT,CHECKDATE,P_NUM,P_IMG) values (117,'star123','oc_190923P100076','서재혁','01096313445','01096313445','star76855@naver.com','서재혁','01096313445','01096313445',3000,null,'2019/09/23 - 14:41:38','2019-09-23/13:00','12748/경기 광주시 경충대로 1926 119 (탄벌동)/','Y','단기 집중 식단관리 패키지',to_date('19/09/23','RR/MM/DD'),'8','resources/img/products/20190923111119013.jpg');
Insert into FINALPRO.PAYMENT (PAYNO,USERID,P_ID,PAYNAME,PAYPHONE,PAYCELLPHONE,PAYEMAIL,RECEIVERNAME,RECEIVERPHONE,RECEIVERCELLPHONE,PAYPRICE,ORDERMEMO,PAYDATE,DELIVARYDATE,PAYADDRESS,PSTATUS,PAYTEXT,CHECKDATE,P_NUM,P_IMG) values (105,'ckc1234','oc_190923P100064','최경천','01091705749','01091705749','ckc5749@naver.com','최경천','01091705749','01091705749',10600,null,'2019/09/23 - 11:17:58','2019-09-23/13:00','18365/경기 화성시 안녕동 106-3 /','Y','샐러드 세트 200g~',to_date('19/09/23','RR/MM/DD'),'7','resources/img/products/20190923110918856.jpg');
Insert into FINALPRO.PAYMENT (PAYNO,USERID,P_ID,PAYNAME,PAYPHONE,PAYCELLPHONE,PAYEMAIL,RECEIVERNAME,RECEIVERPHONE,RECEIVERCELLPHONE,PAYPRICE,ORDERMEMO,PAYDATE,DELIVARYDATE,PAYADDRESS,PSTATUS,PAYTEXT,CHECKDATE,P_NUM,P_IMG) values (106,'ckc1234','oc_190923M100065','최경천','01091705749','01091705749','ckc5749@naver.com','최경천','01091705749','01091705749',6500,null,'2019/09/23 - 11:39:32','2019-09-23/13:00','18365/경기 화성시 안녕동 106-3 /','R','ckc1234님이 만드신 나만의 도시락 입니다.(20190923 11:38:36)',to_date('19/09/23','RR/MM/DD'),'66','resources/img/Recipe/6f4e7839-69b6-4fe0-800a-c565acc84019.png');
Insert into FINALPRO.PAYMENT (PAYNO,USERID,P_ID,PAYNAME,PAYPHONE,PAYCELLPHONE,PAYEMAIL,RECEIVERNAME,RECEIVERPHONE,RECEIVERCELLPHONE,PAYPRICE,ORDERMEMO,PAYDATE,DELIVARYDATE,PAYADDRESS,PSTATUS,PAYTEXT,CHECKDATE,P_NUM,P_IMG) values (107,'ckc1234','oc_190923C100066','최경천','01091705749','01091705749','ckc5749@naver.com','최경천','01091705749','01091705749',47200,null,'2019/09/23 - 14:35:07','2019-09-23/13:00','18365/경기 화성시 안녕동 106-3 /','Y','샐러드 세트 200g~ 외 4개 ',to_date('19/09/23','RR/MM/DD'),'0',null);
Insert into FINALPRO.PAYMENT (PAYNO,USERID,P_ID,PAYNAME,PAYPHONE,PAYCELLPHONE,PAYEMAIL,RECEIVERNAME,RECEIVERPHONE,RECEIVERCELLPHONE,PAYPRICE,ORDERMEMO,PAYDATE,DELIVARYDATE,PAYADDRESS,PSTATUS,PAYTEXT,CHECKDATE,P_NUM,P_IMG) values (108,'ckc1234','oc_190923P100067','최경천','01091705749','01091705749','ckc5749@naver.com','최경천','01091705749','01091705749',7000,null,'2019/09/23 - 14:35:14','2019-09-23/13:00','18365/경기 화성시 안녕동 106-3 /','E','프랑스 니스퐁 샐러드',to_date('19/09/23','RR/MM/DD'),'6','resources/img/products/20190923110757425.jpg');
Insert into FINALPRO.PAYMENT (PAYNO,USERID,P_ID,PAYNAME,PAYPHONE,PAYCELLPHONE,PAYEMAIL,RECEIVERNAME,RECEIVERPHONE,RECEIVERCELLPHONE,PAYPRICE,ORDERMEMO,PAYDATE,DELIVARYDATE,PAYADDRESS,PSTATUS,PAYTEXT,CHECKDATE,P_NUM,P_IMG) values (109,'ckc1234','oc_190923P100068','최경천','01091705749','01091705749','ckc5749@naver.com','최경천','01091705749','01091705749',8500,null,'2019/09/23 - 14:35:20','2019-09-23/13:00','18365/경기 화성시 안녕동 106-3 /','Y','옛날 도시락',to_date('19/09/23','RR/MM/DD'),'2','resources/img/products/20190923101255560.jpg');
Insert into FINALPRO.PAYMENT (PAYNO,USERID,P_ID,PAYNAME,PAYPHONE,PAYCELLPHONE,PAYEMAIL,RECEIVERNAME,RECEIVERPHONE,RECEIVERCELLPHONE,PAYPRICE,ORDERMEMO,PAYDATE,DELIVARYDATE,PAYADDRESS,PSTATUS,PAYTEXT,CHECKDATE,P_NUM,P_IMG) values (110,'ckc1234','oc_190923P100069','최경천','01091705749','01091705749','ckc5749@naver.com','최경천','01091705749','01091705749',14650,null,'2019/09/23 - 14:35:46','2019-09-23/13:00','18365/경기 화성시 안녕동 106-3 /','R','샐러드 세트 200g~',to_date('19/09/23','RR/MM/DD'),'7','resources/img/products/20190923110918856.jpg');
Insert into FINALPRO.PAYMENT (PAYNO,USERID,P_ID,PAYNAME,PAYPHONE,PAYCELLPHONE,PAYEMAIL,RECEIVERNAME,RECEIVERPHONE,RECEIVERCELLPHONE,PAYPRICE,ORDERMEMO,PAYDATE,DELIVARYDATE,PAYADDRESS,PSTATUS,PAYTEXT,CHECKDATE,P_NUM,P_IMG) values (111,'ckc1234','oc_190923P100070','최경천','01091705749','01091705749','ckc5749@naver.com','최경천','01091705749','01091705749',9000,null,'2019/09/23 - 14:35:56','2019-09-23/13:00','18365/경기 화성시 안녕동 106-3 /','Y','돼지갈비도시락',to_date('19/09/23','RR/MM/DD'),'1','resources/img/products/20190923101226722.jpg');
Insert into FINALPRO.PAYMENT (PAYNO,USERID,P_ID,PAYNAME,PAYPHONE,PAYCELLPHONE,PAYEMAIL,RECEIVERNAME,RECEIVERPHONE,RECEIVERCELLPHONE,PAYPRICE,ORDERMEMO,PAYDATE,DELIVARYDATE,PAYADDRESS,PSTATUS,PAYTEXT,CHECKDATE,P_NUM,P_IMG) values (112,'jsh1234','oc_190923C100071','정성훈','01089306714','01089306714','blacklucky21@gmail.com','정성훈','01089306714','01089306714',19050,'오시기전에 전화주세요~','2019/09/23 - 14:37:55','2019-09-24/13:00','06115/서울 강남구 학동로20길 25-7  (논현동, 숲 이야기)/139동 1704호','R','돼지갈비도시락 외 2개 ',to_date('19/09/23','RR/MM/DD'),'0',null);
Insert into FINALPRO.PAYMENT (PAYNO,USERID,P_ID,PAYNAME,PAYPHONE,PAYCELLPHONE,PAYEMAIL,RECEIVERNAME,RECEIVERPHONE,RECEIVERCELLPHONE,PAYPRICE,ORDERMEMO,PAYDATE,DELIVARYDATE,PAYADDRESS,PSTATUS,PAYTEXT,CHECKDATE,P_NUM,P_IMG) values (118,'ckc1234','oc_190923C100077','최경천','01091705749','01091705749','ckc5749@naver.com','최경천','01091705749','01091705749',3000,null,'2019/09/23 - 15:20:10','2019-09-23/13:00','18365/경기 화성시 안녕동 106-3 /','Y',null,to_date('19/09/23','RR/MM/DD'),'0',null);
Insert into FINALPRO.PAYMENT (PAYNO,USERID,P_ID,PAYNAME,PAYPHONE,PAYCELLPHONE,PAYEMAIL,RECEIVERNAME,RECEIVERPHONE,RECEIVERCELLPHONE,PAYPRICE,ORDERMEMO,PAYDATE,DELIVARYDATE,PAYADDRESS,PSTATUS,PAYTEXT,CHECKDATE,P_NUM,P_IMG) values (119,'ckc1234','oc_190923P100078','최경천','01091705749','01091705749','ckc5749@naver.com','최경천','01091705749','01091705749',3000,null,'2019/09/23 - 15:22:37','2019-09-23/13:00','18365/경기 화성시 안녕동 106-3 /','Y','단기 집중 식단관리 패키지',to_date('19/09/23','RR/MM/DD'),'8','resources/img/products/20190923111119013.jpg');
Insert into FINALPRO.PAYMENT (PAYNO,USERID,P_ID,PAYNAME,PAYPHONE,PAYCELLPHONE,PAYEMAIL,RECEIVERNAME,RECEIVERPHONE,RECEIVERCELLPHONE,PAYPRICE,ORDERMEMO,PAYDATE,DELIVARYDATE,PAYADDRESS,PSTATUS,PAYTEXT,CHECKDATE,P_NUM,P_IMG) values (102,'jsh1234','oc_190923C100061','정성훈','01089306714','01089306714','blacklucky21@gmail.com','정성훈','01089306714','01089306714',29500,null,'2019/09/23 - 09:43:20','2019-09-23/13:00','06115/서울 강남구 학동로20길 25-7  (논현동, 숲 이야기)/','R','오봉 도시락 외 1개 ',to_date('19/09/23','RR/MM/DD'),'0',null);
Insert into FINALPRO.PAYMENT (PAYNO,USERID,P_ID,PAYNAME,PAYPHONE,PAYCELLPHONE,PAYEMAIL,RECEIVERNAME,RECEIVERPHONE,RECEIVERCELLPHONE,PAYPRICE,ORDERMEMO,PAYDATE,DELIVARYDATE,PAYADDRESS,PSTATUS,PAYTEXT,CHECKDATE,P_NUM,P_IMG) values (120,'ckc1234','oc_190923P100079','최경천','01091705749','01091705749','ckc5749@naver.com','최경천','01091705749','01091705749',3000,null,'2019/09/23 - 15:25:30','2019-09-23/13:00','18365/경기 화성시 안녕동 106-3 /','Y','단기 집중 식단관리 패키지',to_date('19/09/23','RR/MM/DD'),'8','resources/img/products/20190923111119013.jpg');
Insert into FINALPRO.PAYMENT (PAYNO,USERID,P_ID,PAYNAME,PAYPHONE,PAYCELLPHONE,PAYEMAIL,RECEIVERNAME,RECEIVERPHONE,RECEIVERCELLPHONE,PAYPRICE,ORDERMEMO,PAYDATE,DELIVARYDATE,PAYADDRESS,PSTATUS,PAYTEXT,CHECKDATE,P_NUM,P_IMG) values (115,'jsh1234','oc_190923P100074','정성훈','01089306714','01089306714','blacklucky21@gmail.com','정성훈','01089306714','01089306714',9000,null,'2019/09/23 - 14:41:02','2019-09-23/13:00','06115/서울 강남구 학동로20길 25-7  (논현동, 숲 이야기)/KH 정보교육원 1관 3층 H강의장','Y','돼지갈비도시락',to_date('19/09/23','RR/MM/DD'),'1','resources/img/products/20190923101226722.jpg');
Insert into FINALPRO.PAYMENT (PAYNO,USERID,P_ID,PAYNAME,PAYPHONE,PAYCELLPHONE,PAYEMAIL,RECEIVERNAME,RECEIVERPHONE,RECEIVERCELLPHONE,PAYPRICE,ORDERMEMO,PAYDATE,DELIVARYDATE,PAYADDRESS,PSTATUS,PAYTEXT,CHECKDATE,P_NUM,P_IMG) values (116,'star123','oc_190923P100075','서재혁','01096313445','01096313445','star76855@naver.com','서재혁','01096313445','01096313445',8500,'ㅎㅎㅎㅎ','2019/09/23 - 14:41:29','2019-09-23/13:00','12748/경기 광주시 경충대로 1926 119 (탄벌동)/101동 101호','Y','옛날 도시락',to_date('19/09/23','RR/MM/DD'),'2','resources/img/products/20190923101255560.jpg');
Insert into FINALPRO.PAYMENT (PAYNO,USERID,P_ID,PAYNAME,PAYPHONE,PAYCELLPHONE,PAYEMAIL,RECEIVERNAME,RECEIVERPHONE,RECEIVERCELLPHONE,PAYPRICE,ORDERMEMO,PAYDATE,DELIVARYDATE,PAYADDRESS,PSTATUS,PAYTEXT,CHECKDATE,P_NUM,P_IMG) values (121,'kysub8614','oc_190923P100080','김원섭','01027068614','01027068614','kysub8614@naver.com','김원섭','01027068614','01027068614',3000,null,'2019/09/23 - 15:26:28','2019-09-23/13:00','13961/경기 안양시 만안구 경수대로 1193  (석수동, 석수e-편한세상아파트)/108-801','Y','단기 집중 식단관리 패키지',to_date('19/09/23','RR/MM/DD'),'8','resources/img/products/20190923111119013.jpg');
Insert into FINALPRO.PAYMENT (PAYNO,USERID,P_ID,PAYNAME,PAYPHONE,PAYCELLPHONE,PAYEMAIL,RECEIVERNAME,RECEIVERPHONE,RECEIVERCELLPHONE,PAYPRICE,ORDERMEMO,PAYDATE,DELIVARYDATE,PAYADDRESS,PSTATUS,PAYTEXT,CHECKDATE,P_NUM,P_IMG) values (122,'kysub8614','oc_190923P100081','김원섭','01027068614','01027068614','kysub8614@naver.com','김원섭','01027068614','01027068614',6550,null,'2019/09/23 - 15:28:04','2019-09-23/13:00','13961/경기 안양시 만안구 경수대로 1193  (석수동, 석수e-편한세상아파트)/108-801','Y','샐러드 세트 200g~',to_date('19/09/23','RR/MM/DD'),'7','resources/img/products/20190923110918856.jpg');
Insert into FINALPRO.PAYMENT (PAYNO,USERID,P_ID,PAYNAME,PAYPHONE,PAYCELLPHONE,PAYEMAIL,RECEIVERNAME,RECEIVERPHONE,RECEIVERCELLPHONE,PAYPRICE,ORDERMEMO,PAYDATE,DELIVARYDATE,PAYADDRESS,PSTATUS,PAYTEXT,CHECKDATE,P_NUM,P_IMG) values (123,'kysub8614','oc_190923P100082','김원섭','01027068614','01027068614','kysub8614@naver.com','김원섭','01027068614','01027068614',6550,null,'2019/09/23 - 15:28:29','2019-09-23/13:00','13961/경기 안양시 만안구 경수대로 1193  (석수동, 석수e-편한세상아파트)/108-801','Y','샐러드 세트 200g~',to_date('19/09/23','RR/MM/DD'),'7','resources/img/products/20190923110918856.jpg');
Insert into FINALPRO.PAYMENT (PAYNO,USERID,P_ID,PAYNAME,PAYPHONE,PAYCELLPHONE,PAYEMAIL,RECEIVERNAME,RECEIVERPHONE,RECEIVERCELLPHONE,PAYPRICE,ORDERMEMO,PAYDATE,DELIVARYDATE,PAYADDRESS,PSTATUS,PAYTEXT,CHECKDATE,P_NUM,P_IMG) values (124,'jsh1234','oc_190923P100083','정성훈','01089306714','01089306714','blacklucky21@gmail.com','정성훈','01089306714','01089306714',3000,null,'2019/09/23 - 17:48:15','2019-09-23/13:00','06115/서울 강남구 학동로20길 25-7  (논현동, 숲 이야기)/','Y','단기 집중 식단관리 패키지',to_date('19/09/23','RR/MM/DD'),'8','resources/img/products/20190923111119013.jpg');
Insert into FINALPRO.PAYMENT (PAYNO,USERID,P_ID,PAYNAME,PAYPHONE,PAYCELLPHONE,PAYEMAIL,RECEIVERNAME,RECEIVERPHONE,RECEIVERCELLPHONE,PAYPRICE,ORDERMEMO,PAYDATE,DELIVARYDATE,PAYADDRESS,PSTATUS,PAYTEXT,CHECKDATE,P_NUM,P_IMG) values (125,'jsh1234','oc_190924C100084','정성훈','01089306714','01089306714','blacklucky21@gmail.com','정성훈','01089306714','01089306714',18000,null,'2019/09/24 - 09:41:17','2019-09-24/13:00','06115/서울 강남구 학동로20길 25-7  (논현동, 숲 이야기)/','Y','프랑스 니스퐁 샐러드 외 2개 ',to_date('19/09/24','RR/MM/DD'),'0',null);
Insert into FINALPRO.PAYMENT (PAYNO,USERID,P_ID,PAYNAME,PAYPHONE,PAYCELLPHONE,PAYEMAIL,RECEIVERNAME,RECEIVERPHONE,RECEIVERCELLPHONE,PAYPRICE,ORDERMEMO,PAYDATE,DELIVARYDATE,PAYADDRESS,PSTATUS,PAYTEXT,CHECKDATE,P_NUM,P_IMG) values (126,'jsh1234','oc_190924C100085','정성훈','01089306714','01089306714','blacklucky21@gmail.com','정성훈','01089306714','01089306714',8500,null,'2019/09/24 - 09:41:39','2019-09-24/13:00','06115/서울 강남구 학동로20길 25-7  (논현동, 숲 이야기)/','Y',null,to_date('19/09/24','RR/MM/DD'),'0',null);
Insert into FINALPRO.PAYMENT (PAYNO,USERID,P_ID,PAYNAME,PAYPHONE,PAYCELLPHONE,PAYEMAIL,RECEIVERNAME,RECEIVERPHONE,RECEIVERCELLPHONE,PAYPRICE,ORDERMEMO,PAYDATE,DELIVARYDATE,PAYADDRESS,PSTATUS,PAYTEXT,CHECKDATE,P_NUM,P_IMG) values (127,'jsh1234','oc_190924C100086','정성훈','01089306714','01089306714','blacklucky21@gmail.com','정성훈','01089306714','01089306714',16500,'아 배고프다','2019/09/24 - 09:42:38','2019-09-24/13:00','06115/서울 강남구 학동로20길 25-7  (논현동, 숲 이야기)/','Y','프랑스 니스퐁 샐러드 외 1개 ',to_date('19/09/24','RR/MM/DD'),'0',null);
REM INSERTING into FINALPRO.PAYMENT_PRODUCT
SET DEFINE OFF;
Insert into FINALPRO.PAYMENT_PRODUCT (PNO,PPNO,PNAME,PAMOUNT,PPRICE,PCREATEDATE,ID,TOTALPRICE,P_IMG) values (1000105,'oc_190923P100063','돼지갈비도시락',1,6500,to_date('19/09/23','RR/MM/DD'),'admin',9000,'resources/img/products/20190923101226722.jpg');
Insert into FINALPRO.PAYMENT_PRODUCT (PNO,PPNO,PNAME,PAMOUNT,PPRICE,PCREATEDATE,ID,TOTALPRICE,P_IMG) values (1000106,'oc_190923P100064','샐러드 세트 200g~',2,4050,to_date('19/09/23','RR/MM/DD'),'ckc1234',10600,'resources/img/products/20190923110918856.jpg');
Insert into FINALPRO.PAYMENT_PRODUCT (PNO,PPNO,PNAME,PAMOUNT,PPRICE,PCREATEDATE,ID,TOTALPRICE,P_IMG) values (1000107,'oc_190923M100065','ckc1234님이 만드신 나만의 도시락 입니다.(20190923 11:38:36)',1,4000,to_date('19/09/23','RR/MM/DD'),'ckc1234',6500,'resources/img/Recipe/6f4e7839-69b6-4fe0-800a-c565acc84019.png');
Insert into FINALPRO.PAYMENT_PRODUCT (PNO,PPNO,PNAME,PAMOUNT,PPRICE,PCREATEDATE,ID,TOTALPRICE,P_IMG) values (1000108,'oc_190923C100066','샐러드 세트 200g~',4,4050,to_date('19/09/23','RR/MM/DD'),'ckc1234',47200,'resources/img/products/20190923110918856.jpg');
Insert into FINALPRO.PAYMENT_PRODUCT (PNO,PPNO,PNAME,PAMOUNT,PPRICE,PCREATEDATE,ID,TOTALPRICE,P_IMG) values (1000109,'oc_190923C100066','옛날 도시락',3,6000,to_date('19/09/23','RR/MM/DD'),'ckc1234',47200,'resources/img/products/20190923101255560.jpg');
Insert into FINALPRO.PAYMENT_PRODUCT (PNO,PPNO,PNAME,PAMOUNT,PPRICE,PCREATEDATE,ID,TOTALPRICE,P_IMG) values (1000110,'oc_190923C100066','단기 집중 식단관리 패키지',2,500,to_date('19/09/23','RR/MM/DD'),'ckc1234',47200,'resources/img/products/20190923111119013.jpg');
Insert into FINALPRO.PAYMENT_PRODUCT (PNO,PPNO,PNAME,PAMOUNT,PPRICE,PCREATEDATE,ID,TOTALPRICE,P_IMG) values (1000111,'oc_190923C100066','옛날 도시락',1,6000,to_date('19/09/23','RR/MM/DD'),'ckc1234',47200,'resources/img/products/20190923101255560.jpg');
Insert into FINALPRO.PAYMENT_PRODUCT (PNO,PPNO,PNAME,PAMOUNT,PPRICE,PCREATEDATE,ID,TOTALPRICE,P_IMG) values (1000112,'oc_190923C100066','옛날 도시락',1,6000,to_date('19/09/23','RR/MM/DD'),'ckc1234',47200,'resources/img/products/20190923101255560.jpg');
Insert into FINALPRO.PAYMENT_PRODUCT (PNO,PPNO,PNAME,PAMOUNT,PPRICE,PCREATEDATE,ID,TOTALPRICE,P_IMG) values (1000113,'oc_190923P100067','프랑스 니스퐁 샐러드',1,4500,to_date('19/09/23','RR/MM/DD'),'ckc1234',7000,'resources/img/products/20190923110757425.jpg');
Insert into FINALPRO.PAYMENT_PRODUCT (PNO,PPNO,PNAME,PAMOUNT,PPRICE,PCREATEDATE,ID,TOTALPRICE,P_IMG) values (1000114,'oc_190923P100068','옛날 도시락',1,6000,to_date('19/09/23','RR/MM/DD'),'ckc1234',8500,'resources/img/products/20190923101255560.jpg');
Insert into FINALPRO.PAYMENT_PRODUCT (PNO,PPNO,PNAME,PAMOUNT,PPRICE,PCREATEDATE,ID,TOTALPRICE,P_IMG) values (1000115,'oc_190923P100069','샐러드 세트 200g~',3,4050,to_date('19/09/23','RR/MM/DD'),'ckc1234',14650,'resources/img/products/20190923110918856.jpg');
Insert into FINALPRO.PAYMENT_PRODUCT (PNO,PPNO,PNAME,PAMOUNT,PPRICE,PCREATEDATE,ID,TOTALPRICE,P_IMG) values (1000116,'oc_190923P100070','돼지갈비도시락',1,6500,to_date('19/09/23','RR/MM/DD'),'ckc1234',9000,'resources/img/products/20190923101226722.jpg');
Insert into FINALPRO.PAYMENT_PRODUCT (PNO,PPNO,PNAME,PAMOUNT,PPRICE,PCREATEDATE,ID,TOTALPRICE,P_IMG) values (1000117,'oc_190923C100071','돼지갈비도시락',1,6500,to_date('19/09/23','RR/MM/DD'),'jsh1234',19050,'resources/img/products/20190923101226722.jpg');
Insert into FINALPRO.PAYMENT_PRODUCT (PNO,PPNO,PNAME,PAMOUNT,PPRICE,PCREATEDATE,ID,TOTALPRICE,P_IMG) values (1000118,'oc_190923C100071','샐러드 세트 200g~',1,4050,to_date('19/09/23','RR/MM/DD'),'jsh1234',19050,'resources/img/products/20190923110918856.jpg');
Insert into FINALPRO.PAYMENT_PRODUCT (PNO,PPNO,PNAME,PAMOUNT,PPRICE,PCREATEDATE,ID,TOTALPRICE,P_IMG) values (1000119,'oc_190923C100071','옛날 도시락',1,6000,to_date('19/09/23','RR/MM/DD'),'jsh1234',19050,'resources/img/products/20190923101255560.jpg');
Insert into FINALPRO.PAYMENT_PRODUCT (PNO,PPNO,PNAME,PAMOUNT,PPRICE,PCREATEDATE,ID,TOTALPRICE,P_IMG) values (1000120,'oc_190923P100072','기본 샐러드',1,5000,to_date('19/09/23','RR/MM/DD'),'admin',7500,'resources/img/products/20190923110638520.jpg');
Insert into FINALPRO.PAYMENT_PRODUCT (PNO,PPNO,PNAME,PAMOUNT,PPRICE,PCREATEDATE,ID,TOTALPRICE,P_IMG) values (1000121,'oc_190923P100073','프랑스 니스퐁 샐러드',1,4500,to_date('19/09/23','RR/MM/DD'),'admin',7000,'resources/img/products/20190923110757425.jpg');
Insert into FINALPRO.PAYMENT_PRODUCT (PNO,PPNO,PNAME,PAMOUNT,PPRICE,PCREATEDATE,ID,TOTALPRICE,P_IMG) values (1000122,'oc_190923P100074','돼지갈비도시락',1,6500,to_date('19/09/23','RR/MM/DD'),'jsh1234',9000,'resources/img/products/20190923101226722.jpg');
Insert into FINALPRO.PAYMENT_PRODUCT (PNO,PPNO,PNAME,PAMOUNT,PPRICE,PCREATEDATE,ID,TOTALPRICE,P_IMG) values (1000123,'oc_190923P100075','옛날 도시락',1,6000,to_date('19/09/23','RR/MM/DD'),'star123',8500,'resources/img/products/20190923101255560.jpg');
Insert into FINALPRO.PAYMENT_PRODUCT (PNO,PPNO,PNAME,PAMOUNT,PPRICE,PCREATEDATE,ID,TOTALPRICE,P_IMG) values (1000124,'oc_190923P100076','단기 집중 식단관리 패키지',1,500,to_date('19/09/23','RR/MM/DD'),'star123',3000,'resources/img/products/20190923111119013.jpg');
Insert into FINALPRO.PAYMENT_PRODUCT (PNO,PPNO,PNAME,PAMOUNT,PPRICE,PCREATEDATE,ID,TOTALPRICE,P_IMG) values (1000125,'oc_190923C100077','단기 집중 식단관리 패키지',1,500,to_date('19/09/23','RR/MM/DD'),'ckc1234',3000,'resources/img/products/20190923111119013.jpg');
Insert into FINALPRO.PAYMENT_PRODUCT (PNO,PPNO,PNAME,PAMOUNT,PPRICE,PCREATEDATE,ID,TOTALPRICE,P_IMG) values (1000126,'oc_190923P100078','단기 집중 식단관리 패키지',1,500,to_date('19/09/23','RR/MM/DD'),'ckc1234',3000,'resources/img/products/20190923111119013.jpg');
Insert into FINALPRO.PAYMENT_PRODUCT (PNO,PPNO,PNAME,PAMOUNT,PPRICE,PCREATEDATE,ID,TOTALPRICE,P_IMG) values (1000127,'oc_190923P100079','단기 집중 식단관리 패키지',1,500,to_date('19/09/23','RR/MM/DD'),'ckc1234',3000,'resources/img/products/20190923111119013.jpg');
Insert into FINALPRO.PAYMENT_PRODUCT (PNO,PPNO,PNAME,PAMOUNT,PPRICE,PCREATEDATE,ID,TOTALPRICE,P_IMG) values (1000128,'oc_190923P100080','단기 집중 식단관리 패키지',1,500,to_date('19/09/23','RR/MM/DD'),'kysub8614',3000,'resources/img/products/20190923111119013.jpg');
Insert into FINALPRO.PAYMENT_PRODUCT (PNO,PPNO,PNAME,PAMOUNT,PPRICE,PCREATEDATE,ID,TOTALPRICE,P_IMG) values (1000129,'oc_190923P100081','샐러드 세트 200g~',1,4050,to_date('19/09/23','RR/MM/DD'),'kysub8614',6550,'resources/img/products/20190923110918856.jpg');
Insert into FINALPRO.PAYMENT_PRODUCT (PNO,PPNO,PNAME,PAMOUNT,PPRICE,PCREATEDATE,ID,TOTALPRICE,P_IMG) values (1000130,'oc_190923P100082','샐러드 세트 200g~',1,4050,to_date('19/09/23','RR/MM/DD'),'kysub8614',6550,'resources/img/products/20190923110918856.jpg');
Insert into FINALPRO.PAYMENT_PRODUCT (PNO,PPNO,PNAME,PAMOUNT,PPRICE,PCREATEDATE,ID,TOTALPRICE,P_IMG) values (1000131,'oc_190923P100083','단기 집중 식단관리 패키지',1,500,to_date('19/09/23','RR/MM/DD'),'jsh1234',3000,'resources/img/products/20190923111119013.jpg');
Insert into FINALPRO.PAYMENT_PRODUCT (PNO,PPNO,PNAME,PAMOUNT,PPRICE,PCREATEDATE,ID,TOTALPRICE,P_IMG) values (1000132,'oc_190924C100084','프랑스 니스퐁 샐러드',1,4500,to_date('19/09/24','RR/MM/DD'),'jsh1234',18000,'resources/img/products/20190923110757425.jpg');
Insert into FINALPRO.PAYMENT_PRODUCT (PNO,PPNO,PNAME,PAMOUNT,PPRICE,PCREATEDATE,ID,TOTALPRICE,P_IMG) values (1000133,'oc_190924C100084','프랑스 니스퐁 샐러드',1,4500,to_date('19/09/24','RR/MM/DD'),'jsh1234',18000,'resources/img/products/20190923110757425.jpg');
Insert into FINALPRO.PAYMENT_PRODUCT (PNO,PPNO,PNAME,PAMOUNT,PPRICE,PCREATEDATE,ID,TOTALPRICE,P_IMG) values (1000134,'oc_190924C100084','돼지갈비도시락',1,6500,to_date('19/09/24','RR/MM/DD'),'jsh1234',18000,'resources/img/products/20190923101226722.jpg');
Insert into FINALPRO.PAYMENT_PRODUCT (PNO,PPNO,PNAME,PAMOUNT,PPRICE,PCREATEDATE,ID,TOTALPRICE,P_IMG) values (1000135,'oc_190924C100085','옛날 도시락',1,6000,to_date('19/09/24','RR/MM/DD'),'jsh1234',8500,'resources/img/products/20190923101255560.jpg');
Insert into FINALPRO.PAYMENT_PRODUCT (PNO,PPNO,PNAME,PAMOUNT,PPRICE,PCREATEDATE,ID,TOTALPRICE,P_IMG) values (1000136,'oc_190924C100086','프랑스 니스퐁 샐러드',2,4500,to_date('19/09/24','RR/MM/DD'),'jsh1234',16500,'resources/img/products/20190923110757425.jpg');
Insert into FINALPRO.PAYMENT_PRODUCT (PNO,PPNO,PNAME,PAMOUNT,PPRICE,PCREATEDATE,ID,TOTALPRICE,P_IMG) values (1000137,'oc_190924C100086','옛날 도시락(스팸)',1,5000,to_date('19/09/24','RR/MM/DD'),'jsh1234',16500,'resources/img/products/20190924094219819.jpg');
Insert into FINALPRO.PAYMENT_PRODUCT (PNO,PPNO,PNAME,PAMOUNT,PPRICE,PCREATEDATE,ID,TOTALPRICE,P_IMG) values (1000101,'oc_190923C100061','오봉 도시락',3,6500,to_date('19/09/23','RR/MM/DD'),'jsh1234',29500,'resources/img/products/20190923092953555.jpg');
Insert into FINALPRO.PAYMENT_PRODUCT (PNO,PPNO,PNAME,PAMOUNT,PPRICE,PCREATEDATE,ID,TOTALPRICE,P_IMG) values (1000102,'oc_190923C100061',' 옛날 도시락',2,5000,to_date('19/09/23','RR/MM/DD'),'jsh1234',29500,'resources/img/products/20190923093026669.jpg');
Insert into FINALPRO.PAYMENT_PRODUCT (PNO,PPNO,PNAME,PAMOUNT,PPRICE,PCREATEDATE,ID,TOTALPRICE,P_IMG) values (1000103,'oc_190923C100062','오봉 도시락',3,6500,to_date('19/09/23','RR/MM/DD'),'admin',31500,'resources/img/products/20190923101345637.jpg');
Insert into FINALPRO.PAYMENT_PRODUCT (PNO,PPNO,PNAME,PAMOUNT,PPRICE,PCREATEDATE,ID,TOTALPRICE,P_IMG) values (1000104,'oc_190923C100062','치킨 도시락',2,6000,to_date('19/09/23','RR/MM/DD'),'admin',31500,'resources/img/products/20190923101328299.jpg');
REM INSERTING into FINALPRO.PICTURELIST
SET DEFINE OFF;
Insert into FINALPRO.PICTURELIST (PT_ID,PT_NAME,PT_REALNAME,PT_CREATEDATE,PT_UPDATEDATE,P_ID,PT_STATUS,PT_TYPE) values (25,'20190924094908168.png','숙주나물_7.png',to_date('19/09/23','RR/MM/DD'),to_date('19/09/23','RR/MM/DD'),1,'Y',0);
Insert into FINALPRO.PICTURELIST (PT_ID,PT_NAME,PT_REALNAME,PT_CREATEDATE,PT_UPDATEDATE,P_ID,PT_STATUS,PT_TYPE) values (27,'20190923101328299.jpg','치킨.jpg',to_date('19/09/23','RR/MM/DD'),to_date('19/09/23','RR/MM/DD'),3,'Y',0);
Insert into FINALPRO.PICTURELIST (PT_ID,PT_NAME,PT_REALNAME,PT_CREATEDATE,PT_UPDATEDATE,P_ID,PT_STATUS,PT_TYPE) values (26,'20190923101255560.jpg','옛5_도시락-확정.jpg',to_date('19/09/23','RR/MM/DD'),to_date('19/09/23','RR/MM/DD'),2,'Y',0);
Insert into FINALPRO.PICTURELIST (PT_ID,PT_NAME,PT_REALNAME,PT_CREATEDATE,PT_UPDATEDATE,P_ID,PT_STATUS,PT_TYPE) values (28,'20190923101345637.jpg','오봉계란.jpg',to_date('19/09/23','RR/MM/DD'),to_date('19/09/23','RR/MM/DD'),4,'Y',0);
Insert into FINALPRO.PICTURELIST (PT_ID,PT_NAME,PT_REALNAME,PT_CREATEDATE,PT_UPDATEDATE,P_ID,PT_STATUS,PT_TYPE) values (29,'20190923110638520.jpg','cfd3f818f353d20c553317ba004d5a76.jpg',to_date('19/09/23','RR/MM/DD'),to_date('19/09/23','RR/MM/DD'),5,'Y',0);
Insert into FINALPRO.PICTURELIST (PT_ID,PT_NAME,PT_REALNAME,PT_CREATEDATE,PT_UPDATEDATE,P_ID,PT_STATUS,PT_TYPE) values (30,'20190923110757425.jpg','1606bb34-df81-4c61-b9d9-bd2f8c58dc61.jpg',to_date('19/09/23','RR/MM/DD'),to_date('19/09/23','RR/MM/DD'),6,'Y',0);
Insert into FINALPRO.PICTURELIST (PT_ID,PT_NAME,PT_REALNAME,PT_CREATEDATE,PT_UPDATEDATE,P_ID,PT_STATUS,PT_TYPE) values (31,'20190923110918856.jpg','0240010000462.jpg',to_date('19/09/23','RR/MM/DD'),to_date('19/09/23','RR/MM/DD'),7,'Y',0);
Insert into FINALPRO.PICTURELIST (PT_ID,PT_NAME,PT_REALNAME,PT_CREATEDATE,PT_UPDATEDATE,P_ID,PT_STATUS,PT_TYPE) values (32,'20190923111119013.jpg','eab65a3af42395bcb615ee2d1a116dd1.jpg',to_date('19/09/23','RR/MM/DD'),to_date('19/09/23','RR/MM/DD'),8,'Y',0);
Insert into FINALPRO.PICTURELIST (PT_ID,PT_NAME,PT_REALNAME,PT_CREATEDATE,PT_UPDATEDATE,P_ID,PT_STATUS,PT_TYPE) values (37,'20191023214511058.jpg','20190730212920.jpg',to_date('19/09/24','RR/MM/DD'),to_date('19/09/24','RR/MM/DD'),10,'Y',0);
Insert into FINALPRO.PICTURELIST (PT_ID,PT_NAME,PT_REALNAME,PT_CREATEDATE,PT_UPDATEDATE,P_ID,PT_STATUS,PT_TYPE) values (36,'20190924094908231.png','시금치나물_7.png',to_date('19/09/24','RR/MM/DD'),to_date('19/09/24','RR/MM/DD'),1,'Y',1);
Insert into FINALPRO.PICTURELIST (PT_ID,PT_NAME,PT_REALNAME,PT_CREATEDATE,PT_UPDATEDATE,P_ID,PT_STATUS,PT_TYPE) values (41,'20191023214511062.jpg','사진_13079.jpg',to_date('19/10/23','RR/MM/DD'),to_date('19/10/23','RR/MM/DD'),10,'Y',1);
REM INSERTING into FINALPRO.PRODUCT
SET DEFINE OFF;
Insert into FINALPRO.PRODUCT (P_ID,P_NAME,P_CONTENT,P_CREATEDATE,P_UPDATEDATE,P_LIKE,P_QUANTITY,P_LUNCHTYPE,P_PRICE,P_SELL,P_STATUS,P_COUNT) values (1,'돼지갈비도시락','(단품 밥+국) (세트 밥+국+과일컵+생수)',to_date('19/09/23','RR/MM/DD'),to_date('19/09/24','RR/MM/DD'),0,995,'도시락',6500,'Y','N',5);
Insert into FINALPRO.PRODUCT (P_ID,P_NAME,P_CONTENT,P_CREATEDATE,P_UPDATEDATE,P_LIKE,P_QUANTITY,P_LUNCHTYPE,P_PRICE,P_SELL,P_STATUS,P_COUNT) values (3,'치킨 도시락','옥동 도시락서 베스트 메뉴',to_date('19/09/23','RR/MM/DD'),to_date('19/09/23','RR/MM/DD'),0,448,'도시락',6000,'Y','N',2);
Insert into FINALPRO.PRODUCT (P_ID,P_NAME,P_CONTENT,P_CREATEDATE,P_UPDATEDATE,P_LIKE,P_QUANTITY,P_LUNCHTYPE,P_PRICE,P_SELL,P_STATUS,P_COUNT) values (2,'옛날 도시락','검정고무신에서 나올법한 도시락',to_date('19/09/23','RR/MM/DD'),to_date('19/09/23','RR/MM/DD'),0,541,'도시락',6000,'Y','Y',9);
Insert into FINALPRO.PRODUCT (P_ID,P_NAME,P_CONTENT,P_CREATEDATE,P_UPDATEDATE,P_LIKE,P_QUANTITY,P_LUNCHTYPE,P_PRICE,P_SELL,P_STATUS,P_COUNT) values (4,'오봉 도시락','금수저들 베스트 1위',to_date('19/09/23','RR/MM/DD'),to_date('19/09/23','RR/MM/DD'),0,547,'도시락',6500,'Y','Y',3);
Insert into FINALPRO.PRODUCT (P_ID,P_NAME,P_CONTENT,P_CREATEDATE,P_UPDATEDATE,P_LIKE,P_QUANTITY,P_LUNCHTYPE,P_PRICE,P_SELL,P_STATUS,P_COUNT) values (5,'기본 샐러드','기본 샐러드',to_date('19/09/23','RR/MM/DD'),to_date('19/09/23','RR/MM/DD'),0,1999,'샐러드',5000,'Y','Y',1);
Insert into FINALPRO.PRODUCT (P_ID,P_NAME,P_CONTENT,P_CREATEDATE,P_UPDATEDATE,P_LIKE,P_QUANTITY,P_LUNCHTYPE,P_PRICE,P_SELL,P_STATUS,P_COUNT) values (6,'프랑스 니스퐁 샐러드','프랑스 니스퐁 샐러드',to_date('19/09/23','RR/MM/DD'),to_date('19/09/23','RR/MM/DD'),0,194,'샐러드',4500,'N','Y',6);
Insert into FINALPRO.PRODUCT (P_ID,P_NAME,P_CONTENT,P_CREATEDATE,P_UPDATEDATE,P_LIKE,P_QUANTITY,P_LUNCHTYPE,P_PRICE,P_SELL,P_STATUS,P_COUNT) values (7,'샐러드 세트 200g~','당일 수확으로으로 신선하게! 세척 없이 먹을 수 있는 샐러드 채소',to_date('19/09/23','RR/MM/DD'),to_date('19/09/23','RR/MM/DD'),0,188,'샐러드',4050,'Y','Y',12);
Insert into FINALPRO.PRODUCT (P_ID,P_NAME,P_CONTENT,P_CREATEDATE,P_UPDATEDATE,P_LIKE,P_QUANTITY,P_LUNCHTYPE,P_PRICE,P_SELL,P_STATUS,P_COUNT) values (8,'단기 집중 식단관리 패키지','단기 집중 식단관리 패키지 케어세트11',to_date('19/09/23','RR/MM/DD'),to_date('19/09/23','RR/MM/DD'),0,9992,'샐러드',500,'N','Y',8);
Insert into FINALPRO.PRODUCT (P_ID,P_NAME,P_CONTENT,P_CREATEDATE,P_UPDATEDATE,P_LIKE,P_QUANTITY,P_LUNCHTYPE,P_PRICE,P_SELL,P_STATUS,P_COUNT) values (9,'옛날 도시락(스팸)','옛날 도시락 시리즈(스팸) !!',to_date('19/09/24','RR/MM/DD'),to_date('19/09/24','RR/MM/DD'),0,99,'도시락',5000,'Y','N',1);
Insert into FINALPRO.PRODUCT (P_ID,P_NAME,P_CONTENT,P_CREATEDATE,P_UPDATEDATE,P_LIKE,P_QUANTITY,P_LUNCHTYPE,P_PRICE,P_SELL,P_STATUS,P_COUNT) values (10,'옛날 도시락','옛날 도시락',to_date('19/09/24','RR/MM/DD'),to_date('19/10/23','RR/MM/DD'),0,22,'도시락',11,'Y','Y',0);
REM INSERTING into FINALPRO.PRODUCTANSWER
SET DEFINE OFF;
REM INSERTING into FINALPRO.PRODUCTQNA
SET DEFINE OFF;
Insert into FINALPRO.PRODUCTQNA (QNA_ID,QNA_USER,QNA_CREATEDATE,P_ID,QNA_STATUS,QNA_ANSWER,QNA_SECRET,QNA_ANSWERDATE) values (101,'잔꾀','2019/10/23 21:36:33',10,'Y','N','Y',null);
REM INSERTING into FINALPRO.PRODUCTREVIEW
SET DEFINE OFF;
--------------------------------------------------------
--  DDL for Index SYS_C007645
--------------------------------------------------------

  CREATE UNIQUE INDEX "FINALPRO"."SYS_C007645" ON "FINALPRO"."CART" ("CNO") 
  PCTFREE 10 INITRANS 2 MAXTRANS 255 COMPUTE STATISTICS 
  STORAGE(INITIAL 65536 NEXT 1048576 MINEXTENTS 1 MAXEXTENTS 2147483645
  PCTINCREASE 0 FREELISTS 1 FREELIST GROUPS 1 BUFFER_POOL DEFAULT FLASH_CACHE DEFAULT CELL_FLASH_CACHE DEFAULT)
  TABLESPACE "SYSTEM" ;
--------------------------------------------------------
--  DDL for Index SYS_C007577
--------------------------------------------------------

  CREATE UNIQUE INDEX "FINALPRO"."SYS_C007577" ON "FINALPRO"."CATEGORY" ("CT_ID") 
  PCTFREE 10 INITRANS 2 MAXTRANS 255 COMPUTE STATISTICS 
  STORAGE(INITIAL 65536 NEXT 1048576 MINEXTENTS 1 MAXEXTENTS 2147483645
  PCTINCREASE 0 FREELISTS 1 FREELIST GROUPS 1 BUFFER_POOL DEFAULT FLASH_CACHE DEFAULT CELL_FLASH_CACHE DEFAULT)
  TABLESPACE "SYSTEM" ;
--------------------------------------------------------
--  DDL for Index SYS_C007614
--------------------------------------------------------

  CREATE UNIQUE INDEX "FINALPRO"."SYS_C007614" ON "FINALPRO"."COMMENTLIST" ("CM_ID") 
  PCTFREE 10 INITRANS 2 MAXTRANS 255 COMPUTE STATISTICS 
  STORAGE(INITIAL 65536 NEXT 1048576 MINEXTENTS 1 MAXEXTENTS 2147483645
  PCTINCREASE 0 FREELISTS 1 FREELIST GROUPS 1 BUFFER_POOL DEFAULT FLASH_CACHE DEFAULT CELL_FLASH_CACHE DEFAULT)
  TABLESPACE "SYSTEM" ;
--------------------------------------------------------
--  DDL for Index SYS_C007629
--------------------------------------------------------

  CREATE UNIQUE INDEX "FINALPRO"."SYS_C007629" ON "FINALPRO"."DELIVARY" ("PAYNO") 
  PCTFREE 10 INITRANS 2 MAXTRANS 255 COMPUTE STATISTICS 
  STORAGE(INITIAL 65536 NEXT 1048576 MINEXTENTS 1 MAXEXTENTS 2147483645
  PCTINCREASE 0 FREELISTS 1 FREELIST GROUPS 1 BUFFER_POOL DEFAULT FLASH_CACHE DEFAULT CELL_FLASH_CACHE DEFAULT)
  TABLESPACE "SYSTEM" ;
--------------------------------------------------------
--  DDL for Index SYS_C007611
--------------------------------------------------------

  CREATE UNIQUE INDEX "FINALPRO"."SYS_C007611" ON "FINALPRO"."FREE_BOARD" ("FNO") 
  PCTFREE 10 INITRANS 2 MAXTRANS 255 COMPUTE STATISTICS 
  STORAGE(INITIAL 65536 NEXT 1048576 MINEXTENTS 1 MAXEXTENTS 2147483645
  PCTINCREASE 0 FREELISTS 1 FREELIST GROUPS 1 BUFFER_POOL DEFAULT FLASH_CACHE DEFAULT CELL_FLASH_CACHE DEFAULT)
  TABLESPACE "SYSTEM" ;
--------------------------------------------------------
--  DDL for Index GOODPRIMARY
--------------------------------------------------------

  CREATE UNIQUE INDEX "FINALPRO"."GOODPRIMARY" ON "FINALPRO"."GOOD" ("GOODUSER", "CT_ID") 
  PCTFREE 10 INITRANS 2 MAXTRANS 255 COMPUTE STATISTICS 
  STORAGE(INITIAL 65536 NEXT 1048576 MINEXTENTS 1 MAXEXTENTS 2147483645
  PCTINCREASE 0 FREELISTS 1 FREELIST GROUPS 1 BUFFER_POOL DEFAULT FLASH_CACHE DEFAULT CELL_FLASH_CACHE DEFAULT)
  TABLESPACE "SYSTEM" ;
--------------------------------------------------------
--  DDL for Index SYS_C007632
--------------------------------------------------------

  CREATE UNIQUE INDEX "FINALPRO"."SYS_C007632" ON "FINALPRO"."INGREDIENTS" ("IN_NO") 
  PCTFREE 10 INITRANS 2 MAXTRANS 255 COMPUTE STATISTICS 
  STORAGE(INITIAL 65536 NEXT 1048576 MINEXTENTS 1 MAXEXTENTS 2147483645
  PCTINCREASE 0 FREELISTS 1 FREELIST GROUPS 1 BUFFER_POOL DEFAULT FLASH_CACHE DEFAULT CELL_FLASH_CACHE DEFAULT)
  TABLESPACE "SYSTEM" ;
--------------------------------------------------------
--  DDL for Index SYS_C007724
--------------------------------------------------------

  CREATE UNIQUE INDEX "FINALPRO"."SYS_C007724" ON "FINALPRO"."LBOTM" ("BNO") 
  PCTFREE 10 INITRANS 2 MAXTRANS 255 COMPUTE STATISTICS 
  STORAGE(INITIAL 65536 NEXT 1048576 MINEXTENTS 1 MAXEXTENTS 2147483645
  PCTINCREASE 0 FREELISTS 1 FREELIST GROUPS 1 BUFFER_POOL DEFAULT FLASH_CACHE DEFAULT CELL_FLASH_CACHE DEFAULT)
  TABLESPACE "SYSTEM" ;
--------------------------------------------------------
--  DDL for Index SYS_C007619
--------------------------------------------------------

  CREATE UNIQUE INDEX "FINALPRO"."SYS_C007619" ON "FINALPRO"."MBLRECIPE" ("MBL_ID") 
  PCTFREE 10 INITRANS 2 MAXTRANS 255 COMPUTE STATISTICS 
  STORAGE(INITIAL 65536 NEXT 1048576 MINEXTENTS 1 MAXEXTENTS 2147483645
  PCTINCREASE 0 FREELISTS 1 FREELIST GROUPS 1 BUFFER_POOL DEFAULT FLASH_CACHE DEFAULT CELL_FLASH_CACHE DEFAULT)
  TABLESPACE "SYSTEM" ;
--------------------------------------------------------
--  DDL for Index SYS_C007583
--------------------------------------------------------

  CREATE UNIQUE INDEX "FINALPRO"."SYS_C007583" ON "FINALPRO"."MEMBER" ("USERID") 
  PCTFREE 10 INITRANS 2 MAXTRANS 255 COMPUTE STATISTICS 
  STORAGE(INITIAL 65536 NEXT 1048576 MINEXTENTS 1 MAXEXTENTS 2147483645
  PCTINCREASE 0 FREELISTS 1 FREELIST GROUPS 1 BUFFER_POOL DEFAULT FLASH_CACHE DEFAULT CELL_FLASH_CACHE DEFAULT)
  TABLESPACE "SYSTEM" ;
--------------------------------------------------------
--  DDL for Index SYS_C007593
--------------------------------------------------------

  CREATE UNIQUE INDEX "FINALPRO"."SYS_C007593" ON "FINALPRO"."NOTICE" ("NNO") 
  PCTFREE 10 INITRANS 2 MAXTRANS 255 COMPUTE STATISTICS 
  STORAGE(INITIAL 65536 NEXT 1048576 MINEXTENTS 1 MAXEXTENTS 2147483645
  PCTINCREASE 0 FREELISTS 1 FREELIST GROUPS 1 BUFFER_POOL DEFAULT FLASH_CACHE DEFAULT CELL_FLASH_CACHE DEFAULT)
  TABLESPACE "SYSTEM" ;
--------------------------------------------------------
--  DDL for Index SYS_C007615
--------------------------------------------------------

  CREATE UNIQUE INDEX "FINALPRO"."SYS_C007615" ON "FINALPRO"."NOTICECOMMENTS" ("COMMENTS_NO") 
  PCTFREE 10 INITRANS 2 MAXTRANS 255 COMPUTE STATISTICS 
  STORAGE(INITIAL 65536 NEXT 1048576 MINEXTENTS 1 MAXEXTENTS 2147483645
  PCTINCREASE 0 FREELISTS 1 FREELIST GROUPS 1 BUFFER_POOL DEFAULT FLASH_CACHE DEFAULT CELL_FLASH_CACHE DEFAULT)
  TABLESPACE "SYSTEM" ;
--------------------------------------------------------
--  DDL for Index SYS_C007628
--------------------------------------------------------

  CREATE UNIQUE INDEX "FINALPRO"."SYS_C007628" ON "FINALPRO"."PAYMENT" ("PAYNO") 
  PCTFREE 10 INITRANS 2 MAXTRANS 255 COMPUTE STATISTICS 
  STORAGE(INITIAL 65536 NEXT 1048576 MINEXTENTS 1 MAXEXTENTS 2147483645
  PCTINCREASE 0 FREELISTS 1 FREELIST GROUPS 1 BUFFER_POOL DEFAULT FLASH_CACHE DEFAULT CELL_FLASH_CACHE DEFAULT)
  TABLESPACE "SYSTEM" ;
--------------------------------------------------------
--  DDL for Index SYS_C007596
--------------------------------------------------------

  CREATE UNIQUE INDEX "FINALPRO"."SYS_C007596" ON "FINALPRO"."PAYMENT_PRODUCT" ("PNO") 
  PCTFREE 10 INITRANS 2 MAXTRANS 255 COMPUTE STATISTICS 
  STORAGE(INITIAL 65536 NEXT 1048576 MINEXTENTS 1 MAXEXTENTS 2147483645
  PCTINCREASE 0 FREELISTS 1 FREELIST GROUPS 1 BUFFER_POOL DEFAULT FLASH_CACHE DEFAULT CELL_FLASH_CACHE DEFAULT)
  TABLESPACE "SYSTEM" ;
--------------------------------------------------------
--  DDL for Index SYS_C007207
--------------------------------------------------------

  CREATE UNIQUE INDEX "FINALPRO"."SYS_C007207" ON "FINALPRO"."PICTURELIST" ("PT_ID") 
  PCTFREE 10 INITRANS 2 MAXTRANS 255 COMPUTE STATISTICS 
  STORAGE(INITIAL 65536 NEXT 1048576 MINEXTENTS 1 MAXEXTENTS 2147483645
  PCTINCREASE 0 FREELISTS 1 FREELIST GROUPS 1 BUFFER_POOL DEFAULT FLASH_CACHE DEFAULT CELL_FLASH_CACHE DEFAULT)
  TABLESPACE "SYSTEM" ;
--------------------------------------------------------
--  DDL for Index SYS_C007194
--------------------------------------------------------

  CREATE UNIQUE INDEX "FINALPRO"."SYS_C007194" ON "FINALPRO"."PRODUCT" ("P_ID") 
  PCTFREE 10 INITRANS 2 MAXTRANS 255 COMPUTE STATISTICS 
  STORAGE(INITIAL 65536 NEXT 1048576 MINEXTENTS 1 MAXEXTENTS 2147483645
  PCTINCREASE 0 FREELISTS 1 FREELIST GROUPS 1 BUFFER_POOL DEFAULT FLASH_CACHE DEFAULT CELL_FLASH_CACHE DEFAULT)
  TABLESPACE "SYSTEM" ;
--------------------------------------------------------
--  DDL for Index PRODUCTANSWER_PK
--------------------------------------------------------

  CREATE UNIQUE INDEX "FINALPRO"."PRODUCTANSWER_PK" ON "FINALPRO"."PRODUCTANSWER" ("ANSWER_ID") 
  PCTFREE 10 INITRANS 2 MAXTRANS 255 COMPUTE STATISTICS 
  STORAGE(INITIAL 65536 NEXT 1048576 MINEXTENTS 1 MAXEXTENTS 2147483645
  PCTINCREASE 0 FREELISTS 1 FREELIST GROUPS 1 BUFFER_POOL DEFAULT FLASH_CACHE DEFAULT CELL_FLASH_CACHE DEFAULT)
  TABLESPACE "SYSTEM" ;
--------------------------------------------------------
--  DDL for Index SYS_C007457
--------------------------------------------------------

  CREATE UNIQUE INDEX "FINALPRO"."SYS_C007457" ON "FINALPRO"."PRODUCTQNA" ("QNA_ID", "P_ID") 
  PCTFREE 10 INITRANS 2 MAXTRANS 255 COMPUTE STATISTICS 
  STORAGE(INITIAL 65536 NEXT 1048576 MINEXTENTS 1 MAXEXTENTS 2147483645
  PCTINCREASE 0 FREELISTS 1 FREELIST GROUPS 1 BUFFER_POOL DEFAULT FLASH_CACHE DEFAULT CELL_FLASH_CACHE DEFAULT)
  TABLESPACE "SYSTEM" ;
--------------------------------------------------------
--  DDL for Index SYS_C007188
--------------------------------------------------------

  CREATE UNIQUE INDEX "FINALPRO"."SYS_C007188" ON "FINALPRO"."PRODUCTREVIEW" ("PV_ID") 
  PCTFREE 10 INITRANS 2 MAXTRANS 255 COMPUTE STATISTICS 
  STORAGE(INITIAL 65536 NEXT 1048576 MINEXTENTS 1 MAXEXTENTS 2147483645
  PCTINCREASE 0 FREELISTS 1 FREELIST GROUPS 1 BUFFER_POOL DEFAULT FLASH_CACHE DEFAULT CELL_FLASH_CACHE DEFAULT)
  TABLESPACE "SYSTEM" ;
--------------------------------------------------------
--  Constraints for Table CART
--------------------------------------------------------

  ALTER TABLE "FINALPRO"."CART" ADD PRIMARY KEY ("CNO")
  USING INDEX PCTFREE 10 INITRANS 2 MAXTRANS 255 COMPUTE STATISTICS 
  STORAGE(INITIAL 65536 NEXT 1048576 MINEXTENTS 1 MAXEXTENTS 2147483645
  PCTINCREASE 0 FREELISTS 1 FREELIST GROUPS 1 BUFFER_POOL DEFAULT FLASH_CACHE DEFAULT CELL_FLASH_CACHE DEFAULT)
  TABLESPACE "SYSTEM"  ENABLE;
  ALTER TABLE "FINALPRO"."CART" MODIFY ("ID" NOT NULL ENABLE);
  ALTER TABLE "FINALPRO"."CART" MODIFY ("P_ID" NOT NULL ENABLE);
  ALTER TABLE "FINALPRO"."CART" MODIFY ("CPRICE" NOT NULL ENABLE);
--------------------------------------------------------
--  Constraints for Table CATEGORY
--------------------------------------------------------

  ALTER TABLE "FINALPRO"."CATEGORY" ADD PRIMARY KEY ("CT_ID")
  USING INDEX PCTFREE 10 INITRANS 2 MAXTRANS 255 COMPUTE STATISTICS 
  STORAGE(INITIAL 65536 NEXT 1048576 MINEXTENTS 1 MAXEXTENTS 2147483645
  PCTINCREASE 0 FREELISTS 1 FREELIST GROUPS 1 BUFFER_POOL DEFAULT FLASH_CACHE DEFAULT CELL_FLASH_CACHE DEFAULT)
  TABLESPACE "SYSTEM"  ENABLE;
  ALTER TABLE "FINALPRO"."CATEGORY" MODIFY ("CT_NAME" NOT NULL ENABLE);
--------------------------------------------------------
--  Constraints for Table COMMENTLIST
--------------------------------------------------------

  ALTER TABLE "FINALPRO"."COMMENTLIST" ADD PRIMARY KEY ("CM_ID")
  USING INDEX PCTFREE 10 INITRANS 2 MAXTRANS 255 COMPUTE STATISTICS 
  STORAGE(INITIAL 65536 NEXT 1048576 MINEXTENTS 1 MAXEXTENTS 2147483645
  PCTINCREASE 0 FREELISTS 1 FREELIST GROUPS 1 BUFFER_POOL DEFAULT FLASH_CACHE DEFAULT CELL_FLASH_CACHE DEFAULT)
  TABLESPACE "SYSTEM"  ENABLE;
  ALTER TABLE "FINALPRO"."COMMENTLIST" MODIFY ("CT_ID" NOT NULL ENABLE);
  ALTER TABLE "FINALPRO"."COMMENTLIST" MODIFY ("P_ID" NOT NULL ENABLE);
--------------------------------------------------------
--  Constraints for Table DELIVARY
--------------------------------------------------------

  ALTER TABLE "FINALPRO"."DELIVARY" ADD PRIMARY KEY ("PAYNO")
  USING INDEX PCTFREE 10 INITRANS 2 MAXTRANS 255 COMPUTE STATISTICS 
  STORAGE(INITIAL 65536 NEXT 1048576 MINEXTENTS 1 MAXEXTENTS 2147483645
  PCTINCREASE 0 FREELISTS 1 FREELIST GROUPS 1 BUFFER_POOL DEFAULT FLASH_CACHE DEFAULT CELL_FLASH_CACHE DEFAULT)
  TABLESPACE "SYSTEM"  ENABLE;
--------------------------------------------------------
--  Constraints for Table FREE_BOARD
--------------------------------------------------------

  ALTER TABLE "FINALPRO"."FREE_BOARD" ADD PRIMARY KEY ("FNO")
  USING INDEX PCTFREE 10 INITRANS 2 MAXTRANS 255 COMPUTE STATISTICS 
  STORAGE(INITIAL 65536 NEXT 1048576 MINEXTENTS 1 MAXEXTENTS 2147483645
  PCTINCREASE 0 FREELISTS 1 FREELIST GROUPS 1 BUFFER_POOL DEFAULT FLASH_CACHE DEFAULT CELL_FLASH_CACHE DEFAULT)
  TABLESPACE "SYSTEM"  ENABLE;
  ALTER TABLE "FINALPRO"."FREE_BOARD" MODIFY ("ID" NOT NULL ENABLE);
--------------------------------------------------------
--  Constraints for Table GOOD
--------------------------------------------------------

  ALTER TABLE "FINALPRO"."GOOD" ADD CONSTRAINT "GOODPRIMARY" PRIMARY KEY ("GOODUSER", "CT_ID")
  USING INDEX PCTFREE 10 INITRANS 2 MAXTRANS 255 COMPUTE STATISTICS 
  STORAGE(INITIAL 65536 NEXT 1048576 MINEXTENTS 1 MAXEXTENTS 2147483645
  PCTINCREASE 0 FREELISTS 1 FREELIST GROUPS 1 BUFFER_POOL DEFAULT FLASH_CACHE DEFAULT CELL_FLASH_CACHE DEFAULT)
  TABLESPACE "SYSTEM"  ENABLE;
--------------------------------------------------------
--  Constraints for Table INGREDIENTS
--------------------------------------------------------

  ALTER TABLE "FINALPRO"."INGREDIENTS" MODIFY ("IN_NAME" NOT NULL ENABLE);
  ALTER TABLE "FINALPRO"."INGREDIENTS" MODIFY ("IN_TYPE" NOT NULL ENABLE);
  ALTER TABLE "FINALPRO"."INGREDIENTS" MODIFY ("IN_GRAM" NOT NULL ENABLE);
  ALTER TABLE "FINALPRO"."INGREDIENTS" MODIFY ("IN_ORIGINALFILE" NOT NULL ENABLE);
  ALTER TABLE "FINALPRO"."INGREDIENTS" MODIFY ("IN_RENAMEFILE" NOT NULL ENABLE);
  ALTER TABLE "FINALPRO"."INGREDIENTS" ADD PRIMARY KEY ("IN_NO")
  USING INDEX PCTFREE 10 INITRANS 2 MAXTRANS 255 COMPUTE STATISTICS 
  STORAGE(INITIAL 65536 NEXT 1048576 MINEXTENTS 1 MAXEXTENTS 2147483645
  PCTINCREASE 0 FREELISTS 1 FREELIST GROUPS 1 BUFFER_POOL DEFAULT FLASH_CACHE DEFAULT CELL_FLASH_CACHE DEFAULT)
  TABLESPACE "SYSTEM"  ENABLE;
--------------------------------------------------------
--  Constraints for Table LBOTM
--------------------------------------------------------

  ALTER TABLE "FINALPRO"."LBOTM" ADD CONSTRAINT "SYS_C007724" PRIMARY KEY ("BNO")
  USING INDEX PCTFREE 10 INITRANS 2 MAXTRANS 255 COMPUTE STATISTICS 
  STORAGE(INITIAL 65536 NEXT 1048576 MINEXTENTS 1 MAXEXTENTS 2147483645
  PCTINCREASE 0 FREELISTS 1 FREELIST GROUPS 1 BUFFER_POOL DEFAULT FLASH_CACHE DEFAULT CELL_FLASH_CACHE DEFAULT)
  TABLESPACE "SYSTEM"  ENABLE;
  ALTER TABLE "FINALPRO"."LBOTM" MODIFY ("BNO" NOT NULL ENABLE);
--------------------------------------------------------
--  Constraints for Table LBOTMCOMMENTS
--------------------------------------------------------

  ALTER TABLE "FINALPRO"."LBOTMCOMMENTS" MODIFY ("BNO" NOT NULL ENABLE);
  ALTER TABLE "FINALPRO"."LBOTMCOMMENTS" MODIFY ("USERID" NOT NULL ENABLE);
  ALTER TABLE "FINALPRO"."LBOTMCOMMENTS" MODIFY ("LBOTM_DATE" NOT NULL ENABLE);
--------------------------------------------------------
--  Constraints for Table MBLRECIPE
--------------------------------------------------------

  ALTER TABLE "FINALPRO"."MBLRECIPE" MODIFY ("MBL_TITLE" NOT NULL ENABLE);
  ALTER TABLE "FINALPRO"."MBLRECIPE" MODIFY ("USERID" NOT NULL ENABLE);
  ALTER TABLE "FINALPRO"."MBLRECIPE" MODIFY ("NUMBERS" NOT NULL ENABLE);
  ALTER TABLE "FINALPRO"."MBLRECIPE" MODIFY ("MBL_FILENAME" NOT NULL ENABLE);
  ALTER TABLE "FINALPRO"."MBLRECIPE" MODIFY ("MBL_TYPE" NOT NULL ENABLE);
  ALTER TABLE "FINALPRO"."MBLRECIPE" ADD PRIMARY KEY ("MBL_ID")
  USING INDEX PCTFREE 10 INITRANS 2 MAXTRANS 255 COMPUTE STATISTICS 
  STORAGE(INITIAL 65536 NEXT 1048576 MINEXTENTS 1 MAXEXTENTS 2147483645
  PCTINCREASE 0 FREELISTS 1 FREELIST GROUPS 1 BUFFER_POOL DEFAULT FLASH_CACHE DEFAULT CELL_FLASH_CACHE DEFAULT)
  TABLESPACE "SYSTEM"  ENABLE;
--------------------------------------------------------
--  Constraints for Table MEMBER
--------------------------------------------------------

  ALTER TABLE "FINALPRO"."MEMBER" ADD PRIMARY KEY ("USERID")
  USING INDEX PCTFREE 10 INITRANS 2 MAXTRANS 255 COMPUTE STATISTICS 
  STORAGE(INITIAL 65536 NEXT 1048576 MINEXTENTS 1 MAXEXTENTS 2147483645
  PCTINCREASE 0 FREELISTS 1 FREELIST GROUPS 1 BUFFER_POOL DEFAULT FLASH_CACHE DEFAULT CELL_FLASH_CACHE DEFAULT)
  TABLESPACE "SYSTEM"  ENABLE;
  ALTER TABLE "FINALPRO"."MEMBER" MODIFY ("USERNAME" NOT NULL ENABLE);
  ALTER TABLE "FINALPRO"."MEMBER" MODIFY ("ADDRESS" NOT NULL ENABLE);
  ALTER TABLE "FINALPRO"."MEMBER" MODIFY ("EMAIL" NOT NULL ENABLE);
  ALTER TABLE "FINALPRO"."MEMBER" MODIFY ("NICKNAME" NOT NULL ENABLE);
  ALTER TABLE "FINALPRO"."MEMBER" MODIFY ("PASSWORD" NOT NULL ENABLE);
--------------------------------------------------------
--  Constraints for Table NOTICE
--------------------------------------------------------

  ALTER TABLE "FINALPRO"."NOTICE" ADD PRIMARY KEY ("NNO")
  USING INDEX PCTFREE 10 INITRANS 2 MAXTRANS 255 COMPUTE STATISTICS 
  STORAGE(INITIAL 65536 NEXT 1048576 MINEXTENTS 1 MAXEXTENTS 2147483645
  PCTINCREASE 0 FREELISTS 1 FREELIST GROUPS 1 BUFFER_POOL DEFAULT FLASH_CACHE DEFAULT CELL_FLASH_CACHE DEFAULT)
  TABLESPACE "SYSTEM"  ENABLE;
  ALTER TABLE "FINALPRO"."NOTICE" MODIFY ("NICKNAME" NOT NULL ENABLE);
  ALTER TABLE "FINALPRO"."NOTICE" MODIFY ("NTITLE" NOT NULL ENABLE);
  ALTER TABLE "FINALPRO"."NOTICE" MODIFY ("ID" NOT NULL ENABLE);
--------------------------------------------------------
--  Constraints for Table NOTICECOMMENTS
--------------------------------------------------------

  ALTER TABLE "FINALPRO"."NOTICECOMMENTS" MODIFY ("NNO" NOT NULL ENABLE);
  ALTER TABLE "FINALPRO"."NOTICECOMMENTS" MODIFY ("USERID" NOT NULL ENABLE);
  ALTER TABLE "FINALPRO"."NOTICECOMMENTS" MODIFY ("COMMENTS_DATE" NOT NULL ENABLE);
  ALTER TABLE "FINALPRO"."NOTICECOMMENTS" ADD PRIMARY KEY ("COMMENTS_NO")
  USING INDEX PCTFREE 10 INITRANS 2 MAXTRANS 255 COMPUTE STATISTICS 
  STORAGE(INITIAL 65536 NEXT 1048576 MINEXTENTS 1 MAXEXTENTS 2147483645
  PCTINCREASE 0 FREELISTS 1 FREELIST GROUPS 1 BUFFER_POOL DEFAULT FLASH_CACHE DEFAULT CELL_FLASH_CACHE DEFAULT)
  TABLESPACE "SYSTEM"  ENABLE;
--------------------------------------------------------
--  Constraints for Table PAYMENT
--------------------------------------------------------

  ALTER TABLE "FINALPRO"."PAYMENT" ADD PRIMARY KEY ("PAYNO")
  USING INDEX PCTFREE 10 INITRANS 2 MAXTRANS 255 COMPUTE STATISTICS 
  STORAGE(INITIAL 65536 NEXT 1048576 MINEXTENTS 1 MAXEXTENTS 2147483645
  PCTINCREASE 0 FREELISTS 1 FREELIST GROUPS 1 BUFFER_POOL DEFAULT FLASH_CACHE DEFAULT CELL_FLASH_CACHE DEFAULT)
  TABLESPACE "SYSTEM"  ENABLE;
  ALTER TABLE "FINALPRO"."PAYMENT" MODIFY ("PAYNAME" NOT NULL ENABLE);
  ALTER TABLE "FINALPRO"."PAYMENT" MODIFY ("P_ID" NOT NULL ENABLE);
  ALTER TABLE "FINALPRO"."PAYMENT" MODIFY ("USERID" NOT NULL ENABLE);
--------------------------------------------------------
--  Constraints for Table PAYMENT_PRODUCT
--------------------------------------------------------

  ALTER TABLE "FINALPRO"."PAYMENT_PRODUCT" ADD PRIMARY KEY ("PNO")
  USING INDEX PCTFREE 10 INITRANS 2 MAXTRANS 255 COMPUTE STATISTICS 
  STORAGE(INITIAL 65536 NEXT 1048576 MINEXTENTS 1 MAXEXTENTS 2147483645
  PCTINCREASE 0 FREELISTS 1 FREELIST GROUPS 1 BUFFER_POOL DEFAULT FLASH_CACHE DEFAULT CELL_FLASH_CACHE DEFAULT)
  TABLESPACE "SYSTEM"  ENABLE;
  ALTER TABLE "FINALPRO"."PAYMENT_PRODUCT" MODIFY ("ID" NOT NULL ENABLE);
  ALTER TABLE "FINALPRO"."PAYMENT_PRODUCT" MODIFY ("PPRICE" NOT NULL ENABLE);
--------------------------------------------------------
--  Constraints for Table PICTURELIST
--------------------------------------------------------

  ALTER TABLE "FINALPRO"."PICTURELIST" ADD CONSTRAINT "SYS_C007207" PRIMARY KEY ("PT_ID")
  USING INDEX PCTFREE 10 INITRANS 2 MAXTRANS 255 COMPUTE STATISTICS 
  STORAGE(INITIAL 65536 NEXT 1048576 MINEXTENTS 1 MAXEXTENTS 2147483645
  PCTINCREASE 0 FREELISTS 1 FREELIST GROUPS 1 BUFFER_POOL DEFAULT FLASH_CACHE DEFAULT CELL_FLASH_CACHE DEFAULT)
  TABLESPACE "SYSTEM"  ENABLE;
  ALTER TABLE "FINALPRO"."PICTURELIST" MODIFY ("PT_TYPE" NOT NULL ENABLE);
  ALTER TABLE "FINALPRO"."PICTURELIST" MODIFY ("P_ID" NOT NULL ENABLE);
  ALTER TABLE "FINALPRO"."PICTURELIST" MODIFY ("PT_REALNAME" NOT NULL ENABLE);
  ALTER TABLE "FINALPRO"."PICTURELIST" MODIFY ("PT_NAME" NOT NULL ENABLE);
  ALTER TABLE "FINALPRO"."PICTURELIST" MODIFY ("PT_ID" NOT NULL ENABLE);
--------------------------------------------------------
--  Constraints for Table PRODUCT
--------------------------------------------------------

  ALTER TABLE "FINALPRO"."PRODUCT" ADD CONSTRAINT "SYS_C007194" PRIMARY KEY ("P_ID")
  USING INDEX PCTFREE 10 INITRANS 2 MAXTRANS 255 COMPUTE STATISTICS 
  STORAGE(INITIAL 65536 NEXT 1048576 MINEXTENTS 1 MAXEXTENTS 2147483645
  PCTINCREASE 0 FREELISTS 1 FREELIST GROUPS 1 BUFFER_POOL DEFAULT FLASH_CACHE DEFAULT CELL_FLASH_CACHE DEFAULT)
  TABLESPACE "SYSTEM"  ENABLE;
  ALTER TABLE "FINALPRO"."PRODUCT" MODIFY ("P_PRICE" NOT NULL ENABLE);
  ALTER TABLE "FINALPRO"."PRODUCT" MODIFY ("P_QUANTITY" NOT NULL ENABLE);
  ALTER TABLE "FINALPRO"."PRODUCT" MODIFY ("P_LIKE" NOT NULL ENABLE);
  ALTER TABLE "FINALPRO"."PRODUCT" MODIFY ("P_NAME" NOT NULL ENABLE);
  ALTER TABLE "FINALPRO"."PRODUCT" MODIFY ("P_ID" NOT NULL ENABLE);
--------------------------------------------------------
--  Constraints for Table PRODUCTANSWER
--------------------------------------------------------

  ALTER TABLE "FINALPRO"."PRODUCTANSWER" ADD CONSTRAINT "PRODUCTANSWER_PK" PRIMARY KEY ("ANSWER_ID")
  USING INDEX PCTFREE 10 INITRANS 2 MAXTRANS 255 COMPUTE STATISTICS 
  STORAGE(INITIAL 65536 NEXT 1048576 MINEXTENTS 1 MAXEXTENTS 2147483645
  PCTINCREASE 0 FREELISTS 1 FREELIST GROUPS 1 BUFFER_POOL DEFAULT FLASH_CACHE DEFAULT CELL_FLASH_CACHE DEFAULT)
  TABLESPACE "SYSTEM"  ENABLE;
  ALTER TABLE "FINALPRO"."PRODUCTANSWER" MODIFY ("ANSWER_ID" NOT NULL ENABLE);
--------------------------------------------------------
--  Constraints for Table PRODUCTQNA
--------------------------------------------------------

  ALTER TABLE "FINALPRO"."PRODUCTQNA" ADD CONSTRAINT "SYS_C007457" PRIMARY KEY ("QNA_ID", "P_ID")
  USING INDEX PCTFREE 10 INITRANS 2 MAXTRANS 255 COMPUTE STATISTICS 
  STORAGE(INITIAL 65536 NEXT 1048576 MINEXTENTS 1 MAXEXTENTS 2147483645
  PCTINCREASE 0 FREELISTS 1 FREELIST GROUPS 1 BUFFER_POOL DEFAULT FLASH_CACHE DEFAULT CELL_FLASH_CACHE DEFAULT)
  TABLESPACE "SYSTEM"  ENABLE;
  ALTER TABLE "FINALPRO"."PRODUCTQNA" MODIFY ("P_ID" NOT NULL ENABLE);
  ALTER TABLE "FINALPRO"."PRODUCTQNA" MODIFY ("QNA_ID" NOT NULL ENABLE);
--------------------------------------------------------
--  Constraints for Table PRODUCTREVIEW
--------------------------------------------------------

  ALTER TABLE "FINALPRO"."PRODUCTREVIEW" ADD CONSTRAINT "SYS_C007188" PRIMARY KEY ("PV_ID")
  USING INDEX PCTFREE 10 INITRANS 2 MAXTRANS 255 COMPUTE STATISTICS 
  STORAGE(INITIAL 65536 NEXT 1048576 MINEXTENTS 1 MAXEXTENTS 2147483645
  PCTINCREASE 0 FREELISTS 1 FREELIST GROUPS 1 BUFFER_POOL DEFAULT FLASH_CACHE DEFAULT CELL_FLASH_CACHE DEFAULT)
  TABLESPACE "SYSTEM"  ENABLE;
  ALTER TABLE "FINALPRO"."PRODUCTREVIEW" MODIFY ("PV_REVIEWCONTENT" NOT NULL ENABLE);
  ALTER TABLE "FINALPRO"."PRODUCTREVIEW" MODIFY ("PV_USER" NOT NULL ENABLE);
  ALTER TABLE "FINALPRO"."PRODUCTREVIEW" MODIFY ("P_ID" NOT NULL ENABLE);
  ALTER TABLE "FINALPRO"."PRODUCTREVIEW" MODIFY ("PV_ID" NOT NULL ENABLE);
--------------------------------------------------------
--  Ref Constraints for Table PICTURELIST
--------------------------------------------------------

  ALTER TABLE "FINALPRO"."PICTURELIST" ADD CONSTRAINT "PICTURELIST_FK1" FOREIGN KEY ("P_ID")
	  REFERENCES "FINALPRO"."PRODUCT" ("P_ID") ENABLE;
--------------------------------------------------------
--  Ref Constraints for Table PRODUCTANSWER
--------------------------------------------------------

  ALTER TABLE "FINALPRO"."PRODUCTANSWER" ADD CONSTRAINT "PRODUCTANSWER_FK1" FOREIGN KEY ("P_ID")
	  REFERENCES "FINALPRO"."PRODUCT" ("P_ID") ENABLE;
  ALTER TABLE "FINALPRO"."PRODUCTANSWER" ADD CONSTRAINT "PRODUCTANSWER_FK2" FOREIGN KEY ("QNA_ID", "P_ID")
	  REFERENCES "FINALPRO"."PRODUCTQNA" ("QNA_ID", "P_ID") ENABLE;
--------------------------------------------------------
--  Ref Constraints for Table PRODUCTQNA
--------------------------------------------------------

  ALTER TABLE "FINALPRO"."PRODUCTQNA" ADD CONSTRAINT "SYS_C007195" FOREIGN KEY ("P_ID")
	  REFERENCES "FINALPRO"."PRODUCT" ("P_ID") ENABLE;
